hts8,category,country_group,ch99_code
07119030,ptaap,eu,9903.02.74
08105000,ptaap,eu,9903.02.74
09042220,ptaap,eu,9903.02.74
09102000,ptaap,eu,9903.02.74
25041010,ptaap,eu,9903.02.74
25041050,ptaap,eu,9903.02.74
25049000,ptaap,eu,9903.02.74
25111010,ptaap,eu,9903.02.74
25111050,ptaap,eu,9903.02.74
25191000,ptaap,eu,9903.02.74
25199010,ptaap,eu,9903.02.74
25199020,ptaap,eu,9903.02.74
25249000,ptaap,eu,9903.02.74
25292100,ptaap,eu,9903.02.74
25292200,ptaap,eu,9903.02.74
25302010,ptaap,eu,9903.02.74
25302020,ptaap,eu,9903.02.74
25309010,ptaap,eu,9903.02.74
25309020,ptaap,eu,9903.02.74
25309080,ptaap,eu,9903.02.74
26020000,ptaap,eu,9903.02.74
26040000,ptaap,eu,9903.02.74
26050000,ptaap,eu,9903.02.74
26060000,ptaap,eu,9903.02.74
26080000,ptaap,eu,9903.02.74
26090000,ptaap,eu,9903.02.74
26100000,ptaap,eu,9903.02.74
26110030,ptaap,eu,9903.02.74
26110060,ptaap,eu,9903.02.74
26122000,ptaap,eu,9903.02.74
26139000,ptaap,eu,9903.02.74
26140030,ptaap,eu,9903.02.74
26140060,ptaap,eu,9903.02.74
26159030,ptaap,eu,9903.02.74
26159060,ptaap,eu,9903.02.74
26161000,ptaap,eu,9903.02.74
26171000,ptaap,eu,9903.02.74
26209950,ptaap,eu,9903.02.74
28012000,ptaap,eu,9903.02.74
28041000,pharma,eu,9903.02.77
28042900,pharma,eu,9903.02.77
28043000,pharma,eu,9903.02.77
28045000,pharma,eu,9903.02.77
28048000,ptaap,eu,9903.02.74
28049000,ptaap,eu,9903.02.74
28051910,ptaap,eu,9903.02.74
28051920,pharma,eu,9903.02.77
28051990,ptaap,eu,9903.02.74
28053000,ptaap,eu,9903.02.74
28061000,pharma,eu,9903.02.77
28070000,pharma,eu,9903.02.77
28092000,pharma,eu,9903.02.77
28111100,ptaap,eu,9903.02.74
28111200,pharma,eu,9903.02.77
28111910,ptaap,eu,9903.02.74
28112250,pharma,eu,9903.02.77
28112910,ptaap,eu,9903.02.74
28112920,ptaap,eu,9903.02.74
28121200,pharma,eu,9903.02.77
28121900,pharma,eu,9903.02.77
28139010,ptaap,eu,9903.02.74
28141000,pharma,eu,9903.02.77
28142000,pharma,eu,9903.02.77
28151100,pharma,eu,9903.02.77
28151200,pharma,eu,9903.02.77
28152000,pharma,eu,9903.02.77
28153000,pharma,eu,9903.02.77
28161000,ptaap,eu,9903.02.74
28164010,ptaap,eu,9903.02.74
28164020,ptaap,eu,9903.02.74
28170000,ptaap,eu,9903.02.74
28181010,ptaap,eu,9903.02.74
28181020,ptaap,eu,9903.02.74
28182000,ptaap,eu,9903.02.74
28201000,ptaap,eu,9903.02.74
28211000,ptaap,eu,9903.02.74
28212000,ptaap,eu,9903.02.74
28220000,ptaap,eu,9903.02.74
28230000,ptaap,eu,9903.02.74
28251000,pharma,eu,9903.02.77
28252000,pharma,eu,9903.02.77
28254000,ptaap,eu,9903.02.74
28256000,ptaap,eu,9903.02.74
28258000,ptaap,eu,9903.02.74
28259015,ptaap,eu,9903.02.74
28259030,ptaap,eu,9903.02.74
28259090,ptaap,eu,9903.02.74
28261200,ptaap,eu,9903.02.74
28263000,ptaap,eu,9903.02.74
28269090,ptaap,eu,9903.02.74
28273100,ptaap,eu,9903.02.74
28273945,ptaap,eu,9903.02.74
28273960,ptaap,eu,9903.02.74
28273965,pharma,eu,9903.02.77
28273990,pharma,eu,9903.02.77
28275951,ptaap,eu,9903.02.74
28276020,pharma,eu,9903.02.77
28276051,pharma,eu,9903.02.77
28321000,pharma,eu,9903.02.77
28323010,pharma,eu,9903.02.77
28331150,pharma,eu,9903.02.77
28331900,pharma,eu,9903.02.77
28332100,pharma,eu,9903.02.77
28332200,pharma,eu,9903.02.77
28332400,ptaap,eu,9903.02.74
28332700,ptaap,eu,9903.02.74
28332910,ptaap,eu,9903.02.74
28332945,ptaap,eu,9903.02.74
28332951,ptaap,eu,9903.02.74
28341010,pharma,eu,9903.02.77
28342100,ptaap,eu,9903.02.74
28342920,ptaap,eu,9903.02.74
28342951,ptaap,eu,9903.02.74
28352200,pharma,eu,9903.02.77
28352400,pharma,eu,9903.02.77
28362000,pharma,eu,9903.02.77
28363000,pharma,eu,9903.02.77
28364020,pharma,eu,9903.02.77
28366000,ptaap,eu,9903.02.74
28369100,ptaap,eu,9903.02.74
28369200,ptaap,eu,9903.02.74
28369910,ptaap,eu,9903.02.74
28369950,ptaap,eu,9903.02.74
28372051,pharma,eu,9903.02.77
28418000,ptaap,eu,9903.02.74
28419020,ptaap,eu,9903.02.74
28419040,pharma,eu,9903.02.77
28421000,pharma,eu,9903.02.77
28429090,pharma,eu,9903.02.77
28432901,pharma,eu,9903.02.77
28433000,pharma,eu,9903.02.77
28439000,pharma,eu,9903.02.77
28444100,pharma,eu,9903.02.77
28444200,pharma,eu,9903.02.77
28444300,pharma,eu,9903.02.77
28444400,pharma,eu,9903.02.77
28452000,pharma,eu,9903.02.77
28453000,pharma,eu,9903.02.77
28459001,pharma,eu,9903.02.77
28461000,ptaap,eu,9903.02.74
28469020,pharma,eu,9903.02.77
28469040,pharma,eu,9903.02.77
28469080,ptaap,eu,9903.02.74
28470000,pharma,eu,9903.02.77
28492010,ptaap,eu,9903.02.74
28492020,ptaap,eu,9903.02.74
28499030,ptaap,eu,9903.02.74
28500050,pharma,eu,9903.02.77
28531000,pharma,eu,9903.02.77
28539010,pharma,eu,9903.02.77
28539050,pharma,eu,9903.02.77
28539090,pharma,eu,9903.02.77
29011040,pharma,eu,9903.02.77
29021900,pharma,eu,9903.02.77
29029030,pharma,eu,9903.02.77
29031200,pharma,eu,9903.02.77
29031300,pharma,eu,9903.02.77
29032200,pharma,eu,9903.02.77
29034110,pharma,eu,9903.02.77
29034210,pharma,eu,9903.02.77
29034310,pharma,eu,9903.02.77
29034410,pharma,eu,9903.02.77
29034510,pharma,eu,9903.02.77
29034610,pharma,eu,9903.02.77
29034710,pharma,eu,9903.02.77
29034800,pharma,eu,9903.02.77
29034900,pharma,eu,9903.02.77
29035110,pharma,eu,9903.02.77
29035910,pharma,eu,9903.02.77
29035990,pharma,eu,9903.02.77
29036910,pharma,eu,9903.02.77
29036990,pharma,eu,9903.02.77
29037101,pharma,eu,9903.02.77
29037700,pharma,eu,9903.02.77
29037800,pharma,eu,9903.02.77
29037990,pharma,eu,9903.02.77
29038100,pharma,eu,9903.02.77
29038915,pharma,eu,9903.02.77
29038920,pharma,eu,9903.02.77
29038970,pharma,eu,9903.02.77
29039200,pharma,eu,9903.02.77
29039300,pharma,eu,9903.02.77
29039400,pharma,eu,9903.02.77
29039920,pharma,eu,9903.02.77
29039980,pharma,eu,9903.02.77
29041032,pharma,eu,9903.02.77
29041050,pharma,eu,9903.02.77
29042010,pharma,eu,9903.02.77
29042015,pharma,eu,9903.02.77
29042020,pharma,eu,9903.02.77
29042030,pharma,eu,9903.02.77
29042035,pharma,eu,9903.02.77
29042040,pharma,eu,9903.02.77
29042045,pharma,eu,9903.02.77
29042050,pharma,eu,9903.02.77
29049904,pharma,eu,9903.02.77
29049908,pharma,eu,9903.02.77
29049915,pharma,eu,9903.02.77
29049920,pharma,eu,9903.02.77
29049930,pharma,eu,9903.02.77
29049935,pharma,eu,9903.02.77
29049940,pharma,eu,9903.02.77
29049947,pharma,eu,9903.02.77
29049950,pharma,eu,9903.02.77
29051120,pharma,eu,9903.02.77
29051200,pharma,eu,9903.02.77
29051300,pharma,eu,9903.02.77
29051910,pharma,eu,9903.02.77
29051990,pharma,eu,9903.02.77
29052210,pharma,eu,9903.02.77
29052220,pharma,eu,9903.02.77
29052250,pharma,eu,9903.02.77
29052990,pharma,eu,9903.02.77
29053100,pharma,eu,9903.02.77
29053200,pharma,eu,9903.02.77
29053990,pharma,eu,9903.02.77
29054920,pharma,eu,9903.02.77
29054950,pharma,eu,9903.02.77
29055100,pharma,eu,9903.02.77
29055910,pharma,eu,9903.02.77
29055990,pharma,eu,9903.02.77
29061100,pharma,eu,9903.02.77
29061950,pharma,eu,9903.02.77
29062960,pharma,eu,9903.02.77
29071100,pharma,eu,9903.02.77
29071910,pharma,eu,9903.02.77
29071920,pharma,eu,9903.02.77
29071940,pharma,eu,9903.02.77
29071980,pharma,eu,9903.02.77
29072990,pharma,eu,9903.02.77
29081910,pharma,eu,9903.02.77
29081935,pharma,eu,9903.02.77
29081960,pharma,eu,9903.02.77
29089912,pharma,eu,9903.02.77
29089915,pharma,eu,9903.02.77
29089925,pharma,eu,9903.02.77
29091100,pharma,eu,9903.02.77
29091918,pharma,eu,9903.02.77
29091960,pharma,eu,9903.02.77
29092000,pharma,eu,9903.02.77
29093040,pharma,eu,9903.02.77
29093060,pharma,eu,9903.02.77
29094905,pharma,eu,9903.02.77
29094910,pharma,eu,9903.02.77
29094915,pharma,eu,9903.02.77
29094920,pharma,eu,9903.02.77
29094960,pharma,eu,9903.02.77
29095020,pharma,eu,9903.02.77
29095040,pharma,eu,9903.02.77
29095045,pharma,eu,9903.02.77
29095050,pharma,eu,9903.02.77
29101000,pharma,eu,9903.02.77
29103000,pharma,eu,9903.02.77
29104000,pharma,eu,9903.02.77
29105000,pharma,eu,9903.02.77
29109010,pharma,eu,9903.02.77
29109020,pharma,eu,9903.02.77
29109091,pharma,eu,9903.02.77
29110010,pharma,eu,9903.02.77
29110050,pharma,eu,9903.02.77
29121950,pharma,eu,9903.02.77
29122960,pharma,eu,9903.02.77
29124926,pharma,eu,9903.02.77
29126000,pharma,eu,9903.02.77
29141110,pharma,eu,9903.02.77
29141900,pharma,eu,9903.02.77
29142930,pharma,eu,9903.02.77
29142950,pharma,eu,9903.02.77
29143990,pharma,eu,9903.02.77
29144040,pharma,eu,9903.02.77
29144090,pharma,eu,9903.02.77
29145010,pharma,eu,9903.02.77
29145030,pharma,eu,9903.02.77
29145050,pharma,eu,9903.02.77
29146200,pharma,eu,9903.02.77
29146921,pharma,eu,9903.02.77
29146990,pharma,eu,9903.02.77
29147100,pharma,eu,9903.02.77
29147910,pharma,eu,9903.02.77
29147940,pharma,eu,9903.02.77
29147960,pharma,eu,9903.02.77
29147990,pharma,eu,9903.02.77
29152100,pharma,eu,9903.02.77
29152400,pharma,eu,9903.02.77
29152930,pharma,eu,9903.02.77
29152950,pharma,eu,9903.02.77
29153200,pharma,eu,9903.02.77
29153600,pharma,eu,9903.02.77
29153910,pharma,eu,9903.02.77
29153931,pharma,eu,9903.02.77
29153935,pharma,eu,9903.02.77
29153940,pharma,eu,9903.02.77
29153945,pharma,eu,9903.02.77
29153947,pharma,eu,9903.02.77
29153970,pharma,eu,9903.02.77
29153990,pharma,eu,9903.02.77
29154010,pharma,eu,9903.02.77
29154020,pharma,eu,9903.02.77
29154030,pharma,eu,9903.02.77
29154050,pharma,eu,9903.02.77
29155020,pharma,eu,9903.02.77
29159010,pharma,eu,9903.02.77
29159014,pharma,eu,9903.02.77
29159018,pharma,eu,9903.02.77
29159020,pharma,eu,9903.02.77
29159050,pharma,eu,9903.02.77
29161600,pharma,eu,9903.02.77
29161930,pharma,eu,9903.02.77
29161950,pharma,eu,9903.02.77
29162050,pharma,eu,9903.02.77
29163130,pharma,eu,9903.02.77
29163150,pharma,eu,9903.02.77
29163915,pharma,eu,9903.02.77
29163917,pharma,eu,9903.02.77
29163946,pharma,eu,9903.02.77
29163979,pharma,eu,9903.02.77
29171300,pharma,eu,9903.02.77
29171910,pharma,eu,9903.02.77
29171915,pharma,eu,9903.02.77
29171917,pharma,eu,9903.02.77
29171920,pharma,eu,9903.02.77
29171923,pharma,eu,9903.02.77
29171927,pharma,eu,9903.02.77
29171930,pharma,eu,9903.02.77
29171935,pharma,eu,9903.02.77
29171940,pharma,eu,9903.02.77
29171970,pharma,eu,9903.02.77
29172000,pharma,eu,9903.02.77
29173401,pharma,eu,9903.02.77
29173700,pharma,eu,9903.02.77
29173930,pharma,eu,9903.02.77
29181151,pharma,eu,9903.02.77
29181200,pharma,eu,9903.02.77
29181350,pharma,eu,9903.02.77
29181400,pharma,eu,9903.02.77
29181650,pharma,eu,9903.02.77
29181800,pharma,eu,9903.02.77
29181915,pharma,eu,9903.02.77
29181920,pharma,eu,9903.02.77
29181931,pharma,eu,9903.02.77
29181960,pharma,eu,9903.02.77
29181990,pharma,eu,9903.02.77
29182110,pharma,eu,9903.02.77
29182210,pharma,eu,9903.02.77
29182250,pharma,eu,9903.02.77
29182310,pharma,eu,9903.02.77
29182330,pharma,eu,9903.02.77
29182350,pharma,eu,9903.02.77
29182920,pharma,eu,9903.02.77
29182922,pharma,eu,9903.02.77
29182965,pharma,eu,9903.02.77
29182975,pharma,eu,9903.02.77
29183010,pharma,eu,9903.02.77
29183015,pharma,eu,9903.02.77
29183025,pharma,eu,9903.02.77
29183030,pharma,eu,9903.02.77
29183070,pharma,eu,9903.02.77
29183090,pharma,eu,9903.02.77
29189905,pharma,eu,9903.02.77
29189930,pharma,eu,9903.02.77
29189943,pharma,eu,9903.02.77
29189947,pharma,eu,9903.02.77
29189950,pharma,eu,9903.02.77
29191000,pharma,eu,9903.02.77
29199030,pharma,eu,9903.02.77
29199050,pharma,eu,9903.02.77
29201940,pharma,eu,9903.02.77
29201950,pharma,eu,9903.02.77
29202100,pharma,eu,9903.02.77
29202200,pharma,eu,9903.02.77
29202300,pharma,eu,9903.02.77
29202400,pharma,eu,9903.02.77
29202900,pharma,eu,9903.02.77
29203000,pharma,eu,9903.02.77
29209020,pharma,eu,9903.02.77
29209051,pharma,eu,9903.02.77
29211100,pharma,eu,9903.02.77
29211400,pharma,eu,9903.02.77
29211911,pharma,eu,9903.02.77
29211961,pharma,eu,9903.02.77
29212900,pharma,eu,9903.02.77
29213010,pharma,eu,9903.02.77
29213030,pharma,eu,9903.02.77
29213050,pharma,eu,9903.02.77
29214110,pharma,eu,9903.02.77
29214120,pharma,eu,9903.02.77
29214265,pharma,eu,9903.02.77
29214290,pharma,eu,9903.02.77
29214340,pharma,eu,9903.02.77
29214560,pharma,eu,9903.02.77
29214590,pharma,eu,9903.02.77
29214600,pharma,eu,9903.02.77
29214938,pharma,eu,9903.02.77
29214943,pharma,eu,9903.02.77
29214945,pharma,eu,9903.02.77
29214950,pharma,eu,9903.02.77
29215940,pharma,eu,9903.02.77
29215980,pharma,eu,9903.02.77
29221100,pharma,eu,9903.02.77
29221200,pharma,eu,9903.02.77
29221400,pharma,eu,9903.02.77
29221500,pharma,eu,9903.02.77
29221600,pharma,eu,9903.02.77
29221700,pharma,eu,9903.02.77
29221800,pharma,eu,9903.02.77
29221909,pharma,eu,9903.02.77
29221920,pharma,eu,9903.02.77
29221933,pharma,eu,9903.02.77
29221960,pharma,eu,9903.02.77
29221970,pharma,eu,9903.02.77
29221990,pharma,eu,9903.02.77
29221996,pharma,eu,9903.02.77
29222110,pharma,eu,9903.02.77
29222125,pharma,eu,9903.02.77
29222140,pharma,eu,9903.02.77
29222150,pharma,eu,9903.02.77
29222903,pharma,eu,9903.02.77
29222906,pharma,eu,9903.02.77
29222908,pharma,eu,9903.02.77
29222910,pharma,eu,9903.02.77
29222913,pharma,eu,9903.02.77
29222915,pharma,eu,9903.02.77
29222920,pharma,eu,9903.02.77
29222926,pharma,eu,9903.02.77
29222927,pharma,eu,9903.02.77
29222929,pharma,eu,9903.02.77
29222961,pharma,eu,9903.02.77
29222981,pharma,eu,9903.02.77
29223100,pharma,eu,9903.02.77
29223905,pharma,eu,9903.02.77
29223910,pharma,eu,9903.02.77
29223914,pharma,eu,9903.02.77
29223917,pharma,eu,9903.02.77
29223925,pharma,eu,9903.02.77
29223945,pharma,eu,9903.02.77
29223950,pharma,eu,9903.02.77
29224100,pharma,eu,9903.02.77
29224210,pharma,eu,9903.02.77
29224250,pharma,eu,9903.02.77
29224310,pharma,eu,9903.02.77
29224350,pharma,eu,9903.02.77
29224400,pharma,eu,9903.02.77
29224905,pharma,eu,9903.02.77
29224910,pharma,eu,9903.02.77
29224926,pharma,eu,9903.02.77
29224930,pharma,eu,9903.02.77
29224937,pharma,eu,9903.02.77
29224943,pharma,eu,9903.02.77
29224949,pharma,eu,9903.02.77
29224960,pharma,eu,9903.02.77
29224980,pharma,eu,9903.02.77
29225007,pharma,eu,9903.02.77
29225010,pharma,eu,9903.02.77
29225011,pharma,eu,9903.02.77
29225013,pharma,eu,9903.02.77
29225014,pharma,eu,9903.02.77
29225017,pharma,eu,9903.02.77
29225019,pharma,eu,9903.02.77
29225025,pharma,eu,9903.02.77
29225035,pharma,eu,9903.02.77
29225040,pharma,eu,9903.02.77
29225050,pharma,eu,9903.02.77
29231000,pharma,eu,9903.02.77
29232010,pharma,eu,9903.02.77
29232020,pharma,eu,9903.02.77
29233000,pharma,eu,9903.02.77
29234000,pharma,eu,9903.02.77
29239001,pharma,eu,9903.02.77
29241100,pharma,eu,9903.02.77
29241200,pharma,eu,9903.02.77
29241911,pharma,eu,9903.02.77
29241980,pharma,eu,9903.02.77
29242116,pharma,eu,9903.02.77
29242120,pharma,eu,9903.02.77
29242145,pharma,eu,9903.02.77
29242150,pharma,eu,9903.02.77
29242370,pharma,eu,9903.02.77
29242375,pharma,eu,9903.02.77
29242400,pharma,eu,9903.02.77
29242500,pharma,eu,9903.02.77
29242901,pharma,eu,9903.02.77
29242903,pharma,eu,9903.02.77
29242905,pharma,eu,9903.02.77
29242910,pharma,eu,9903.02.77
29242923,pharma,eu,9903.02.77
29242926,pharma,eu,9903.02.77
29242928,pharma,eu,9903.02.77
29242933,pharma,eu,9903.02.77
29242957,pharma,eu,9903.02.77
29242962,pharma,eu,9903.02.77
29242965,pharma,eu,9903.02.77
29242971,pharma,eu,9903.02.77
29242977,pharma,eu,9903.02.77
29242980,pharma,eu,9903.02.77
29242995,pharma,eu,9903.02.77
29251200,pharma,eu,9903.02.77
29251942,pharma,eu,9903.02.77
29251991,pharma,eu,9903.02.77
29252100,pharma,eu,9903.02.77
29252910,pharma,eu,9903.02.77
29252918,pharma,eu,9903.02.77
29252920,pharma,eu,9903.02.77
29252960,pharma,eu,9903.02.77
29252970,pharma,eu,9903.02.77
29252990,pharma,eu,9903.02.77
29263010,pharma,eu,9903.02.77
29264000,pharma,eu,9903.02.77
29269014,pharma,eu,9903.02.77
29269043,pharma,eu,9903.02.77
29269048,pharma,eu,9903.02.77
29269050,pharma,eu,9903.02.77
29270040,pharma,eu,9903.02.77
29270050,pharma,eu,9903.02.77
29280010,pharma,eu,9903.02.77
29280015,pharma,eu,9903.02.77
29280025,pharma,eu,9903.02.77
29280030,pharma,eu,9903.02.77
29280050,pharma,eu,9903.02.77
29299005,pharma,eu,9903.02.77
29299015,pharma,eu,9903.02.77
29299020,pharma,eu,9903.02.77
29299050,pharma,eu,9903.02.77
29301001,pharma,eu,9903.02.77
29302020,pharma,eu,9903.02.77
29302090,pharma,eu,9903.02.77
29303060,pharma,eu,9903.02.77
29304000,pharma,eu,9903.02.77
29306000,pharma,eu,9903.02.77
29307000,pharma,eu,9903.02.77
29309029,pharma,eu,9903.02.77
29309049,pharma,eu,9903.02.77
29309092,pharma,eu,9903.02.77
29314100,pharma,eu,9903.02.77
29314200,pharma,eu,9903.02.77
29314300,pharma,eu,9903.02.77
29314400,pharma,eu,9903.02.77
29314500,pharma,eu,9903.02.77
29314600,pharma,eu,9903.02.77
29314700,pharma,eu,9903.02.77
29314800,pharma,eu,9903.02.77
29314900,pharma,eu,9903.02.77
29315100,pharma,eu,9903.02.77
29315200,pharma,eu,9903.02.77
29315300,pharma,eu,9903.02.77
29315400,pharma,eu,9903.02.77
29315900,pharma,eu,9903.02.77
29319022,pharma,eu,9903.02.77
29319030,pharma,eu,9903.02.77
29319060,pharma,eu,9903.02.77
29319090,pharma,eu,9903.02.77
29321100,pharma,eu,9903.02.77
29321400,pharma,eu,9903.02.77
29321910,pharma,eu,9903.02.77
29321951,pharma,eu,9903.02.77
29322005,pharma,eu,9903.02.77
29322020,pharma,eu,9903.02.77
29322025,pharma,eu,9903.02.77
29322030,pharma,eu,9903.02.77
29322045,pharma,eu,9903.02.77
29322050,pharma,eu,9903.02.77
29329500,pharma,eu,9903.02.77
29329904,pharma,eu,9903.02.77
29329908,pharma,eu,9903.02.77
29329921,pharma,eu,9903.02.77
29329932,pharma,eu,9903.02.77
29329935,pharma,eu,9903.02.77
29329939,pharma,eu,9903.02.77
29329955,pharma,eu,9903.02.77
29329961,pharma,eu,9903.02.77
29329970,pharma,eu,9903.02.77
29329990,pharma,eu,9903.02.77
29331100,pharma,eu,9903.02.77
29331908,pharma,eu,9903.02.77
29331935,pharma,eu,9903.02.77
29331937,pharma,eu,9903.02.77
29331943,pharma,eu,9903.02.77
29331945,pharma,eu,9903.02.77
29331990,pharma,eu,9903.02.77
29332100,pharma,eu,9903.02.77
29332905,pharma,eu,9903.02.77
29332910,pharma,eu,9903.02.77
29332920,pharma,eu,9903.02.77
29332935,pharma,eu,9903.02.77
29332943,pharma,eu,9903.02.77
29332945,pharma,eu,9903.02.77
29332960,pharma,eu,9903.02.77
29332990,pharma,eu,9903.02.77
29333100,pharma,eu,9903.02.77
29333301,pharma,eu,9903.02.77
29333400,pharma,eu,9903.02.77
29333500,pharma,eu,9903.02.77
29333600,pharma,eu,9903.02.77
29333700,pharma,eu,9903.02.77
29333908,pharma,eu,9903.02.77
29333910,pharma,eu,9903.02.77
29333920,pharma,eu,9903.02.77
29333921,pharma,eu,9903.02.77
29333923,pharma,eu,9903.02.77
29333925,pharma,eu,9903.02.77
29333927,pharma,eu,9903.02.77
29333931,pharma,eu,9903.02.77
29333941,pharma,eu,9903.02.77
29333961,pharma,eu,9903.02.77
29333992,pharma,eu,9903.02.77
29334100,pharma,eu,9903.02.77
29334920,pharma,eu,9903.02.77
29334926,pharma,eu,9903.02.77
29334960,pharma,eu,9903.02.77
29334970,pharma,eu,9903.02.77
29335300,pharma,eu,9903.02.77
29335400,pharma,eu,9903.02.77
29335500,pharma,eu,9903.02.77
29335910,pharma,eu,9903.02.77
29335915,pharma,eu,9903.02.77
29335918,pharma,eu,9903.02.77
29335921,pharma,eu,9903.02.77
29335922,pharma,eu,9903.02.77
29335936,pharma,eu,9903.02.77
29335946,pharma,eu,9903.02.77
29335953,pharma,eu,9903.02.77
29335959,pharma,eu,9903.02.77
29335970,pharma,eu,9903.02.77
29335980,pharma,eu,9903.02.77
29335985,pharma,eu,9903.02.77
29335995,pharma,eu,9903.02.77
29336950,pharma,eu,9903.02.77
29336960,pharma,eu,9903.02.77
29337200,pharma,eu,9903.02.77
29337904,pharma,eu,9903.02.77
29337908,pharma,eu,9903.02.77
29337915,pharma,eu,9903.02.77
29337920,pharma,eu,9903.02.77
29337930,pharma,eu,9903.02.77
29337940,pharma,eu,9903.02.77
29337985,pharma,eu,9903.02.77
29339100,pharma,eu,9903.02.77
29339901,pharma,eu,9903.02.77
29339902,pharma,eu,9903.02.77
29339905,pharma,eu,9903.02.77
29339906,pharma,eu,9903.02.77
29339908,pharma,eu,9903.02.77
29339911,pharma,eu,9903.02.77
29339912,pharma,eu,9903.02.77
29339914,pharma,eu,9903.02.77
29339916,pharma,eu,9903.02.77
29339917,pharma,eu,9903.02.77
29339922,pharma,eu,9903.02.77
29339924,pharma,eu,9903.02.77
29339926,pharma,eu,9903.02.77
29339942,pharma,eu,9903.02.77
29339946,pharma,eu,9903.02.77
29339951,pharma,eu,9903.02.77
29339953,pharma,eu,9903.02.77
29339955,pharma,eu,9903.02.77
29339958,pharma,eu,9903.02.77
29339961,pharma,eu,9903.02.77
29339965,pharma,eu,9903.02.77
29339970,pharma,eu,9903.02.77
29339975,pharma,eu,9903.02.77
29339979,pharma,eu,9903.02.77
29339982,pharma,eu,9903.02.77
29339985,pharma,eu,9903.02.77
29339989,pharma,eu,9903.02.77
29339990,pharma,eu,9903.02.77
29339997,pharma,eu,9903.02.77
29341010,pharma,eu,9903.02.77
29341020,pharma,eu,9903.02.77
29341070,pharma,eu,9903.02.77
29341090,pharma,eu,9903.02.77
29342040,pharma,eu,9903.02.77
29342080,pharma,eu,9903.02.77
29343018,pharma,eu,9903.02.77
29343023,pharma,eu,9903.02.77
29343027,pharma,eu,9903.02.77
29343043,pharma,eu,9903.02.77
29343050,pharma,eu,9903.02.77
29349100,pharma,eu,9903.02.77
29349200,pharma,eu,9903.02.77
29349901,pharma,eu,9903.02.77
29349903,pharma,eu,9903.02.77
29349905,pharma,eu,9903.02.77
29349906,pharma,eu,9903.02.77
29349907,pharma,eu,9903.02.77
29349908,pharma,eu,9903.02.77
29349909,pharma,eu,9903.02.77
29349911,pharma,eu,9903.02.77
29349912,pharma,eu,9903.02.77
29349915,pharma,eu,9903.02.77
29349916,pharma,eu,9903.02.77
29349918,pharma,eu,9903.02.77
29349920,pharma,eu,9903.02.77
29349930,pharma,eu,9903.02.77
29349939,pharma,eu,9903.02.77
29349944,pharma,eu,9903.02.77
29349947,pharma,eu,9903.02.77
29349970,pharma,eu,9903.02.77
29349990,pharma,eu,9903.02.77
29359006,pharma,eu,9903.02.77
29359029,pharma,eu,9903.02.77
29359030,pharma,eu,9903.02.77
29359032,pharma,eu,9903.02.77
29359033,pharma,eu,9903.02.77
29359042,pharma,eu,9903.02.77
29359048,pharma,eu,9903.02.77
29359060,pharma,eu,9903.02.77
29359075,pharma,eu,9903.02.77
29359095,pharma,eu,9903.02.77
29362100,pharma,eu,9903.02.77
29362200,pharma,eu,9903.02.77
29362300,pharma,eu,9903.02.77
29362401,pharma,eu,9903.02.77
29362500,pharma,eu,9903.02.77
29362600,pharma,eu,9903.02.77
29362700,pharma,eu,9903.02.77
29362800,pharma,eu,9903.02.77
29362910,pharma,eu,9903.02.77
29362916,pharma,eu,9903.02.77
29362920,pharma,eu,9903.02.77
29362950,pharma,eu,9903.02.77
29369001,pharma,eu,9903.02.77
29371100,pharma,eu,9903.02.77
29371200,pharma,eu,9903.02.77
29371900,pharma,eu,9903.02.77
29372100,pharma,eu,9903.02.77
29372200,pharma,eu,9903.02.77
29372310,pharma,eu,9903.02.77
29372325,pharma,eu,9903.02.77
29372350,pharma,eu,9903.02.77
29372910,pharma,eu,9903.02.77
29372990,pharma,eu,9903.02.77
29375000,pharma,eu,9903.02.77
29379005,pharma,eu,9903.02.77
29379010,pharma,eu,9903.02.77
29379020,pharma,eu,9903.02.77
29379040,pharma,eu,9903.02.77
29379045,pharma,eu,9903.02.77
29379090,pharma,eu,9903.02.77
29381000,pharma,eu,9903.02.77
29389000,pharma,eu,9903.02.77
29391100,pharma,eu,9903.02.77
29391910,pharma,eu,9903.02.77
29391920,pharma,eu,9903.02.77
29391950,pharma,eu,9903.02.77
29392000,pharma,eu,9903.02.77
29393000,pharma,eu,9903.02.77
29394100,pharma,eu,9903.02.77
29394200,pharma,eu,9903.02.77
29394300,pharma,eu,9903.02.77
29394400,pharma,eu,9903.02.77
29394500,pharma,eu,9903.02.77
29394903,pharma,eu,9903.02.77
29395100,pharma,eu,9903.02.77
29395900,pharma,eu,9903.02.77
29396100,pharma,eu,9903.02.77
29396200,pharma,eu,9903.02.77
29396300,pharma,eu,9903.02.77
29396900,pharma,eu,9903.02.77
29397200,pharma,eu,9903.02.77
29397900,pharma,eu,9903.02.77
29398000,pharma,eu,9903.02.77
29400060,pharma,eu,9903.02.77
29411010,pharma,eu,9903.02.77
29411020,pharma,eu,9903.02.77
29411030,pharma,eu,9903.02.77
29411050,pharma,eu,9903.02.77
29412050,pharma,eu,9903.02.77
29413000,pharma,eu,9903.02.77
29414000,pharma,eu,9903.02.77
29415000,pharma,eu,9903.02.77
29419010,pharma,eu,9903.02.77
29419030,pharma,eu,9903.02.77
29419050,pharma,eu,9903.02.77
29420003,pharma,eu,9903.02.77
29420005,pharma,eu,9903.02.77
29420010,pharma,eu,9903.02.77
29420035,pharma,eu,9903.02.77
29420050,pharma,eu,9903.02.77
30012000,pharma,eu,9903.02.77
30019001,pharma,eu,9903.02.77
30021200,pharma,eu,9903.02.77
30021300,pharma,eu,9903.02.77
30021400,pharma,eu,9903.02.77
30021500,pharma,eu,9903.02.77
30024100,pharma,eu,9903.02.77
30024200,pharma,eu,9903.02.77
30024900,pharma,eu,9903.02.77
30025100,pharma,eu,9903.02.77
30025900,pharma,eu,9903.02.77
30029010,pharma,eu,9903.02.77
30029052,pharma,eu,9903.02.77
30031000,pharma,eu,9903.02.77
30032000,pharma,eu,9903.02.77
30033100,pharma,eu,9903.02.77
30033910,pharma,eu,9903.02.77
30033950,pharma,eu,9903.02.77
30034100,pharma,eu,9903.02.77
30034200,pharma,eu,9903.02.77
30034300,pharma,eu,9903.02.77
30034900,pharma,eu,9903.02.77
30036000,pharma,eu,9903.02.77
30039001,pharma,eu,9903.02.77
30041010,pharma,eu,9903.02.77
30041050,pharma,eu,9903.02.77
30042000,pharma,eu,9903.02.77
30043100,pharma,eu,9903.02.77
30043200,pharma,eu,9903.02.77
30043900,pharma,eu,9903.02.77
30044100,pharma,eu,9903.02.77
30044200,pharma,eu,9903.02.77
30044300,pharma,eu,9903.02.77
30044900,pharma,eu,9903.02.77
30045010,pharma,eu,9903.02.77
30045020,pharma,eu,9903.02.77
30045030,pharma,eu,9903.02.77
30045040,pharma,eu,9903.02.77
30045050,pharma,eu,9903.02.77
30046000,pharma,eu,9903.02.77
30049010,pharma,eu,9903.02.77
30049092,pharma,eu,9903.02.77
30063010,pharma,eu,9903.02.77
30063050,pharma,eu,9903.02.77
30066000,pharma,eu,9903.02.77
30067000,pharma,eu,9903.02.77
30069200,pharma,eu,9903.02.77
30069310,pharma,eu,9903.02.77
30069320,pharma,eu,9903.02.77
30069350,pharma,eu,9903.02.77
30069360,pharma,eu,9903.02.77
30069380,pharma,eu,9903.02.77
31042000,ptaap,eu,9903.02.74
31043000,ptaap,eu,9903.02.74
31049001,ptaap,eu,9903.02.74
32030080,pharma,eu,9903.02.77
32041360,pharma,eu,9903.02.77
32041380,pharma,eu,9903.02.77
32041800,pharma,eu,9903.02.77
32049000,pharma,eu,9903.02.77
32061100,ptaap,eu,9903.02.74
32061900,ptaap,eu,9903.02.74
33012951,particular,eu,9903.02.75
34013010,pharma,eu,9903.02.77
34024210,pharma,eu,9903.02.77
34024220,pharma,eu,9903.02.77
34024290,pharma,eu,9903.02.77
34025011,pharma,eu,9903.02.77
35079070,pharma,eu,9903.02.77
36069030,ptaap,eu,9903.02.74
38021000,pharma,eu,9903.02.77
38085940,pharma,eu,9903.02.77
38085950,pharma,eu,9903.02.77
38086150,pharma,eu,9903.02.77
38089410,pharma,eu,9903.02.77
38089450,pharma,eu,9903.02.77
38123100,pharma,eu,9903.02.77
38151100,pharma,eu,9903.02.77
38151200,pharma,eu,9903.02.77
38159050,pharma,eu,9903.02.77
38231100,ptaap,eu,9903.02.74
38231200,ptaap,eu,9903.02.74
38231920,ptaap,eu,9903.02.74
38237040,ptaap,eu,9903.02.74
38248100,pharma,eu,9903.02.77
38248210,pharma,eu,9903.02.77
38248290,pharma,eu,9903.02.77
38248300,pharma,eu,9903.02.77
38248400,pharma,eu,9903.02.77
38248500,pharma,eu,9903.02.77
38248600,pharma,eu,9903.02.77
38248700,pharma,eu,9903.02.77
38248800,pharma,eu,9903.02.77
38248900,pharma,eu,9903.02.77
38249100,pharma,eu,9903.02.77
38249200,pharma,eu,9903.02.77
38249925,pharma,eu,9903.02.77
38249929,pharma,eu,9903.02.77
38249949,pharma,eu,9903.02.77
38249950,pharma,eu,9903.02.77
38249955,pharma,eu,9903.02.77
38260030,pharma,eu,9903.02.77
38271300,pharma,eu,9903.02.77
38271400,pharma,eu,9903.02.77
38274000,pharma,eu,9903.02.77
39019090,pharma,eu,9903.02.77
39029000,pharma,eu,9903.02.77
39046100,pharma,eu,9903.02.77
39059110,pharma,eu,9903.02.77
39059150,pharma,eu,9903.02.77
39059980,pharma,eu,9903.02.77
39069050,pharma,eu,9903.02.77
39071000,pharma,eu,9903.02.77
39072100,pharma,eu,9903.02.77
39077000,pharma,eu,9903.02.77
39081000,pharma,eu,9903.02.77
39089020,pharma,eu,9903.02.77
39091000,pharma,eu,9903.02.77
39094000,pharma,eu,9903.02.77
39112000,pharma,eu,9903.02.77
39119025,pharma,eu,9903.02.77
39119045,pharma,eu,9903.02.77
39119091,pharma,eu,9903.02.77
39122000,pharma,eu,9903.02.77
39123100,pharma,eu,9903.02.77
39123900,pharma,eu,9903.02.77
39129000,pharma,eu,9903.02.77
39139020,pharma,eu,9903.02.77
39139050,pharma,eu,9903.02.77
39140020,pharma,eu,9903.02.77
39140060,pharma,eu,9903.02.77
39172100,civil_aircraft,eu,9903.02.76
39172100,civil_aircraft,korea,9903.02.81
39172200,civil_aircraft,eu,9903.02.76
39172200,civil_aircraft,korea,9903.02.81
39172300,civil_aircraft,eu,9903.02.76
39172300,civil_aircraft,korea,9903.02.81
39172900,civil_aircraft,eu,9903.02.76
39172900,civil_aircraft,korea,9903.02.81
39173100,civil_aircraft,eu,9903.02.76
39173100,civil_aircraft,korea,9903.02.81
39173300,civil_aircraft,eu,9903.02.76
39173300,civil_aircraft,korea,9903.02.81
39173900,civil_aircraft,eu,9903.02.76
39173900,civil_aircraft,korea,9903.02.81
39174000,civil_aircraft,eu,9903.02.76
39174000,civil_aircraft,korea,9903.02.81
39269045,civil_aircraft,eu,9903.02.76
39269045,civil_aircraft,korea,9903.02.81
39269094,civil_aircraft,eu,9903.02.76
39269094,civil_aircraft,korea,9903.02.81
39269096,civil_aircraft,eu,9903.02.76
39269096,civil_aircraft,korea,9903.02.81
39269099,civil_aircraft,eu,9903.02.76
39269099,civil_aircraft,korea,9903.02.81
40082920,civil_aircraft,eu,9903.02.76
40082920,civil_aircraft,korea,9903.02.81
40091200,civil_aircraft,eu,9903.02.76
40091200,civil_aircraft,korea,9903.02.81
40092200,civil_aircraft,eu,9903.02.76
40092200,civil_aircraft,korea,9903.02.81
40093200,civil_aircraft,eu,9903.02.76
40093200,civil_aircraft,korea,9903.02.81
40094200,civil_aircraft,eu,9903.02.76
40094200,civil_aircraft,korea,9903.02.81
40113000,civil_aircraft,eu,9903.02.76
40113000,civil_aircraft,korea,9903.02.81
40121300,civil_aircraft,eu,9903.02.76
40121300,civil_aircraft,korea,9903.02.81
40122010,civil_aircraft,eu,9903.02.76
40122010,civil_aircraft,korea,9903.02.81
40161000,civil_aircraft,eu,9903.02.76
40161000,civil_aircraft,korea,9903.02.81
40169350,civil_aircraft,eu,9903.02.76
40169350,civil_aircraft,korea,9903.02.81
40169935,civil_aircraft,eu,9903.02.76
40169935,civil_aircraft,korea,9903.02.81
40169960,civil_aircraft,eu,9903.02.76
40169960,civil_aircraft,korea,9903.02.81
40170000,civil_aircraft,eu,9903.02.76
40170000,civil_aircraft,korea,9903.02.81
45011000,ptaap,eu,9903.02.74
45019020,ptaap,eu,9903.02.74
45019040,ptaap,eu,9903.02.74
45020000,ptaap,eu,9903.02.74
45031020,ptaap,eu,9903.02.74
45031030,ptaap,eu,9903.02.74
45031040,ptaap,eu,9903.02.74
45031060,ptaap,eu,9903.02.74
45039020,ptaap,eu,9903.02.74
45039040,ptaap,eu,9903.02.74
45039060,ptaap,eu,9903.02.74
45041010,ptaap,eu,9903.02.74
45041020,ptaap,eu,9903.02.74
45041030,ptaap,eu,9903.02.74
45041040,ptaap,eu,9903.02.74
45041045,ptaap,eu,9903.02.74
45041047,ptaap,eu,9903.02.74
45041050,ptaap,eu,9903.02.74
45049000,ptaap,eu,9903.02.74
45049000,civil_aircraft,korea,9903.02.81
48239010,civil_aircraft,eu,9903.02.76
48239010,civil_aircraft,korea,9903.02.81
48239020,civil_aircraft,eu,9903.02.76
48239020,civil_aircraft,korea,9903.02.81
48239031,civil_aircraft,eu,9903.02.76
48239031,civil_aircraft,korea,9903.02.81
48239040,civil_aircraft,eu,9903.02.76
48239040,civil_aircraft,korea,9903.02.81
48239050,civil_aircraft,eu,9903.02.76
48239050,civil_aircraft,korea,9903.02.81
48239060,civil_aircraft,eu,9903.02.76
48239060,civil_aircraft,korea,9903.02.81
48239067,civil_aircraft,eu,9903.02.76
48239067,civil_aircraft,korea,9903.02.81
48239070,civil_aircraft,eu,9903.02.76
48239070,civil_aircraft,korea,9903.02.81
48239080,civil_aircraft,eu,9903.02.76
48239080,civil_aircraft,korea,9903.02.81
48239086,civil_aircraft,eu,9903.02.76
48239086,civil_aircraft,korea,9903.02.81
50040000,ptaap,eu,9903.02.74
50050000,ptaap,eu,9903.02.74
50060010,ptaap,eu,9903.02.74
50060090,ptaap,eu,9903.02.74
50071030,ptaap,eu,9903.02.74
50071060,ptaap,eu,9903.02.74
50072000,ptaap,eu,9903.02.74
50079030,ptaap,eu,9903.02.74
68128090,civil_aircraft,eu,9903.02.76
68128090,civil_aircraft,korea,9903.02.81
68129910,civil_aircraft,eu,9903.02.76
68129910,civil_aircraft,korea,9903.02.81
68129920,civil_aircraft,eu,9903.02.76
68129920,civil_aircraft,korea,9903.02.81
68129990,civil_aircraft,eu,9903.02.76
68129990,civil_aircraft,korea,9903.02.81
68132000,civil_aircraft,eu,9903.02.76
68132000,civil_aircraft,korea,9903.02.81
68138100,civil_aircraft,eu,9903.02.76
68138100,civil_aircraft,korea,9903.02.81
68138900,civil_aircraft,eu,9903.02.76
68138900,civil_aircraft,korea,9903.02.81
70072111,civil_aircraft,eu,9903.02.76
70072111,civil_aircraft,korea,9903.02.81
71011030,ptaap,eu,9903.02.74
71011060,ptaap,eu,9903.02.74
71021000,ptaap,eu,9903.02.74
71023100,ptaap,eu,9903.02.74
71023900,ptaap,eu,9903.02.74
71031020,ptaap,eu,9903.02.74
71031040,ptaap,eu,9903.02.74
71039100,ptaap,eu,9903.02.74
71039910,ptaap,eu,9903.02.74
71039950,ptaap,eu,9903.02.74
71101100,ptaap,eu,9903.02.74
71101900,ptaap,eu,9903.02.74
71102100,ptaap,eu,9903.02.74
71102900,ptaap,eu,9903.02.74
71103100,ptaap,eu,9903.02.74
71103900,ptaap,eu,9903.02.74
71104100,ptaap,eu,9903.02.74
71104900,ptaap,eu,9903.02.74
71129201,ptaap,eu,9903.02.74
71189000,ptaap,eu,9903.02.74
72011000,ptaap,eu,9903.02.74
72012000,ptaap,eu,9903.02.74
72015030,ptaap,eu,9903.02.74
72021110,ptaap,eu,9903.02.74
72021150,ptaap,eu,9903.02.74
72021910,ptaap,eu,9903.02.74
72021950,ptaap,eu,9903.02.74
72023000,ptaap,eu,9903.02.74
72024100,ptaap,eu,9903.02.74
72024910,ptaap,eu,9903.02.74
72024950,ptaap,eu,9903.02.74
72025000,ptaap,eu,9903.02.74
72026000,ptaap,eu,9903.02.74
72028000,ptaap,eu,9903.02.74
72029100,ptaap,eu,9903.02.74
72029340,ptaap,eu,9903.02.74
72029380,ptaap,eu,9903.02.74
72042100,ptaap,eu,9903.02.74
72051000,ptaap,eu,9903.02.74
72166100,civil_aircraft,japan,9903.96.02
72166900,civil_aircraft,japan,9903.96.02
72169100,civil_aircraft,japan,9903.96.02
73011000,civil_aircraft,japan,9903.96.02
73021000,civil_aircraft,japan,9903.96.02
73024000,civil_aircraft,japan,9903.96.02
73029000,civil_aircraft,japan,9903.96.02
73043130,civil_aircraft,eu,9903.02.76
73043130,civil_aircraft,korea,9903.02.81
73043160,civil_aircraft,eu,9903.02.76
73043160,civil_aircraft,korea,9903.02.81
73043900,civil_aircraft,eu,9903.02.76
73043900,civil_aircraft,korea,9903.02.81
73044130,civil_aircraft,eu,9903.02.76
73044130,civil_aircraft,korea,9903.02.81
73044160,civil_aircraft,eu,9903.02.76
73044160,civil_aircraft,korea,9903.02.81
73044900,civil_aircraft,eu,9903.02.76
73044900,civil_aircraft,korea,9903.02.81
73045110,civil_aircraft,eu,9903.02.76
73045110,civil_aircraft,korea,9903.02.81
73045150,civil_aircraft,eu,9903.02.76
73045150,civil_aircraft,korea,9903.02.81
73045910,civil_aircraft,eu,9903.02.76
73045910,civil_aircraft,korea,9903.02.81
73045920,civil_aircraft,eu,9903.02.76
73045920,civil_aircraft,korea,9903.02.81
73045960,civil_aircraft,eu,9903.02.76
73045960,civil_aircraft,korea,9903.02.81
73045980,civil_aircraft,eu,9903.02.76
73045980,civil_aircraft,korea,9903.02.81
73049010,civil_aircraft,eu,9903.02.76
73049010,civil_aircraft,korea,9903.02.81
73049030,civil_aircraft,eu,9903.02.76
73049030,civil_aircraft,korea,9903.02.81
73049050,civil_aircraft,eu,9903.02.76
73049050,civil_aircraft,korea,9903.02.81
73049070,civil_aircraft,eu,9903.02.76
73049070,civil_aircraft,korea,9903.02.81
73063010,civil_aircraft,eu,9903.02.76
73063010,civil_aircraft,korea,9903.02.81
73063030,civil_aircraft,eu,9903.02.76
73063030,civil_aircraft,korea,9903.02.81
73063050,civil_aircraft,eu,9903.02.76
73063050,civil_aircraft,korea,9903.02.81
73064010,civil_aircraft,eu,9903.02.76
73064010,civil_aircraft,korea,9903.02.81
73064050,civil_aircraft,eu,9903.02.76
73064050,civil_aircraft,korea,9903.02.81
73065010,civil_aircraft,eu,9903.02.76
73065010,civil_aircraft,korea,9903.02.81
73065030,civil_aircraft,eu,9903.02.76
73065030,civil_aircraft,korea,9903.02.81
73065050,civil_aircraft,eu,9903.02.76
73065050,civil_aircraft,korea,9903.02.81
73066110,civil_aircraft,eu,9903.02.76
73066110,civil_aircraft,korea,9903.02.81
73066130,civil_aircraft,eu,9903.02.76
73066130,civil_aircraft,korea,9903.02.81
73066150,civil_aircraft,eu,9903.02.76
73066150,civil_aircraft,korea,9903.02.81
73066170,civil_aircraft,eu,9903.02.76
73066170,civil_aircraft,korea,9903.02.81
73066910,civil_aircraft,eu,9903.02.76
73066910,civil_aircraft,korea,9903.02.81
73066930,civil_aircraft,eu,9903.02.76
73066930,civil_aircraft,korea,9903.02.81
73066950,civil_aircraft,eu,9903.02.76
73066950,civil_aircraft,korea,9903.02.81
73066970,civil_aircraft,eu,9903.02.76
73066970,civil_aircraft,korea,9903.02.81
73121005,civil_aircraft,eu,9903.02.76
73121005,civil_aircraft,korea,9903.02.81
73121010,civil_aircraft,eu,9903.02.76
73121010,civil_aircraft,korea,9903.02.81
73121020,civil_aircraft,eu,9903.02.76
73121020,civil_aircraft,korea,9903.02.81
73121030,civil_aircraft,eu,9903.02.76
73121030,civil_aircraft,korea,9903.02.81
73121050,civil_aircraft,eu,9903.02.76
73121050,civil_aircraft,korea,9903.02.81
73121060,civil_aircraft,eu,9903.02.76
73121060,civil_aircraft,korea,9903.02.81
73121070,civil_aircraft,eu,9903.02.76
73121070,civil_aircraft,korea,9903.02.81
73121080,civil_aircraft,eu,9903.02.76
73121080,civil_aircraft,korea,9903.02.81
73121090,civil_aircraft,eu,9903.02.76
73121090,civil_aircraft,korea,9903.02.81
73129000,civil_aircraft,eu,9903.02.76
73129000,civil_aircraft,korea,9903.02.81
73229000,civil_aircraft,eu,9903.02.76
73229000,civil_aircraft,korea,9903.02.81
73241000,civil_aircraft,eu,9903.02.76
73241000,civil_aircraft,korea,9903.02.81
73249000,civil_aircraft,eu,9903.02.76
73249000,civil_aircraft,korea,9903.02.81
73262000,civil_aircraft,eu,9903.02.76
73262000,civil_aircraft,korea,9903.02.81
74130090,civil_aircraft,eu,9903.02.76
74130090,civil_aircraft,korea,9903.02.81
75011000,ptaap,eu,9903.02.74
75021000,ptaap,eu,9903.02.74
75022000,ptaap,eu,9903.02.74
75030000,ptaap,eu,9903.02.74
75040000,ptaap,eu,9903.02.74
75089050,pharma,eu,9903.02.77
76081000,civil_aircraft,eu,9903.02.76
76081000,civil_aircraft,korea,9903.02.81
76082000,civil_aircraft,eu,9903.02.76
76082000,civil_aircraft,korea,9903.02.81
79011100,ptaap,eu,9903.02.74
79011210,ptaap,eu,9903.02.74
79011250,ptaap,eu,9903.02.74
79012000,ptaap,eu,9903.02.74
79020000,ptaap,eu,9903.02.74
79039030,ptaap,eu,9903.02.74
79070060,pharma,eu,9903.02.77
80011000,ptaap,eu,9903.02.74
80012000,ptaap,eu,9903.02.74
80020000,ptaap,eu,9903.02.74
80070050,pharma,eu,9903.02.77
81011000,ptaap,eu,9903.02.74
81019700,ptaap,eu,9903.02.74
81032000,ptaap,eu,9903.02.74
81033000,ptaap,eu,9903.02.74
81039100,ptaap,eu,9903.02.74
81041100,ptaap,eu,9903.02.74
81041900,ptaap,eu,9903.02.74
81042000,ptaap,eu,9903.02.74
81043000,ptaap,eu,9903.02.74
81049000,ptaap,eu,9903.02.74
81052030,ptaap,eu,9903.02.74
81052060,ptaap,eu,9903.02.74
81052090,ptaap,eu,9903.02.74
81053000,ptaap,eu,9903.02.74
81061000,ptaap,eu,9903.02.74
81069000,ptaap,eu,9903.02.74
81082000,ptaap,eu,9903.02.74
81083000,ptaap,eu,9903.02.74
81089060,civil_aircraft,eu,9903.02.76
81089060,civil_aircraft,korea,9903.02.81
81101000,ptaap,eu,9903.02.74
81102000,ptaap,eu,9903.02.74
81109000,ptaap,eu,9903.02.74
81110047,ptaap,eu,9903.02.74
81110049,ptaap,eu,9903.02.74
81122100,ptaap,eu,9903.02.74
81122200,ptaap,eu,9903.02.74
81124110,ptaap,eu,9903.02.74
81124150,ptaap,eu,9903.02.74
81125900,pharma,eu,9903.02.77
81129207,ptaap,eu,9903.02.74
81129210,ptaap,eu,9903.02.74
81129230,ptaap,eu,9903.02.74
81129240,ptaap,eu,9903.02.74
81129260,ptaap,eu,9903.02.74
81129265,ptaap,eu,9903.02.74
81129910,ptaap,eu,9903.02.74
81129991,ptaap,eu,9903.02.74
83021060,civil_aircraft,eu,9903.02.76
83021060,civil_aircraft,korea,9903.02.81
83021090,civil_aircraft,eu,9903.02.76
83021090,civil_aircraft,korea,9903.02.81
83022000,civil_aircraft,eu,9903.02.76
83022000,civil_aircraft,korea,9903.02.81
83024230,civil_aircraft,eu,9903.02.76
83024230,civil_aircraft,korea,9903.02.81
83024260,civil_aircraft,eu,9903.02.76
83024260,civil_aircraft,korea,9903.02.81
83024940,civil_aircraft,eu,9903.02.76
83024940,civil_aircraft,korea,9903.02.81
83024960,civil_aircraft,eu,9903.02.76
83024960,civil_aircraft,korea,9903.02.81
83024980,civil_aircraft,eu,9903.02.76
83024980,civil_aircraft,korea,9903.02.81
83026030,civil_aircraft,eu,9903.02.76
83026030,civil_aircraft,korea,9903.02.81
83071030,civil_aircraft,eu,9903.02.76
83071030,civil_aircraft,korea,9903.02.81
83079030,civil_aircraft,eu,9903.02.76
83079030,civil_aircraft,korea,9903.02.81
84071000,civil_aircraft,eu,9903.02.76
84071000,civil_aircraft,korea,9903.02.81
84089090,civil_aircraft,eu,9903.02.76
84089090,civil_aircraft,korea,9903.02.81
84091000,civil_aircraft,eu,9903.02.76
84091000,civil_aircraft,korea,9903.02.81
84111140,civil_aircraft,eu,9903.02.76
84111140,civil_aircraft,korea,9903.02.81
84111180,civil_aircraft,eu,9903.02.76
84111180,civil_aircraft,korea,9903.02.81
84111240,civil_aircraft,eu,9903.02.76
84111240,civil_aircraft,korea,9903.02.81
84111280,civil_aircraft,eu,9903.02.76
84111280,civil_aircraft,korea,9903.02.81
84112140,civil_aircraft,eu,9903.02.76
84112140,civil_aircraft,korea,9903.02.81
84112180,civil_aircraft,eu,9903.02.76
84112180,civil_aircraft,korea,9903.02.81
84112240,civil_aircraft,eu,9903.02.76
84112240,civil_aircraft,korea,9903.02.81
84112280,civil_aircraft,eu,9903.02.76
84112280,civil_aircraft,korea,9903.02.81
84118140,civil_aircraft,eu,9903.02.76
84118140,civil_aircraft,korea,9903.02.81
84118240,civil_aircraft,eu,9903.02.76
84118240,civil_aircraft,korea,9903.02.81
84119110,civil_aircraft,eu,9903.02.76
84119110,civil_aircraft,korea,9903.02.81
84119190,civil_aircraft,eu,9903.02.76
84119190,civil_aircraft,korea,9903.02.81
84119910,civil_aircraft,eu,9903.02.76
84119910,civil_aircraft,korea,9903.02.81
84119990,civil_aircraft,eu,9903.02.76
84119990,civil_aircraft,korea,9903.02.81
84121000,civil_aircraft,eu,9903.02.76
84121000,civil_aircraft,korea,9903.02.81
84122100,civil_aircraft,eu,9903.02.76
84122100,civil_aircraft,korea,9903.02.81
84122940,civil_aircraft,eu,9903.02.76
84122940,civil_aircraft,korea,9903.02.81
84122980,civil_aircraft,eu,9903.02.76
84122980,civil_aircraft,korea,9903.02.81
84123100,civil_aircraft,eu,9903.02.76
84123100,civil_aircraft,korea,9903.02.81
84123900,civil_aircraft,eu,9903.02.76
84123900,civil_aircraft,korea,9903.02.81
84128010,civil_aircraft,eu,9903.02.76
84128010,civil_aircraft,korea,9903.02.81
84128090,civil_aircraft,eu,9903.02.76
84128090,civil_aircraft,korea,9903.02.81
84129090,civil_aircraft,eu,9903.02.76
84129090,civil_aircraft,korea,9903.02.81
84131900,civil_aircraft,eu,9903.02.76
84131900,civil_aircraft,korea,9903.02.81
84132000,civil_aircraft,eu,9903.02.76
84132000,civil_aircraft,korea,9903.02.81
84133010,civil_aircraft,eu,9903.02.76
84133010,civil_aircraft,korea,9903.02.81
84133090,civil_aircraft,eu,9903.02.76
84133090,civil_aircraft,korea,9903.02.81
84135000,civil_aircraft,eu,9903.02.76
84135000,civil_aircraft,korea,9903.02.81
84136000,civil_aircraft,eu,9903.02.76
84136000,civil_aircraft,korea,9903.02.81
84137010,civil_aircraft,eu,9903.02.76
84137010,civil_aircraft,korea,9903.02.81
84137020,civil_aircraft,eu,9903.02.76
84137020,civil_aircraft,korea,9903.02.81
84138100,civil_aircraft,eu,9903.02.76
84138100,civil_aircraft,korea,9903.02.81
84139110,civil_aircraft,eu,9903.02.76
84139110,civil_aircraft,korea,9903.02.81
84139120,civil_aircraft,eu,9903.02.76
84139120,civil_aircraft,korea,9903.02.81
84139190,civil_aircraft,eu,9903.02.76
84139190,civil_aircraft,korea,9903.02.81
84141000,civil_aircraft,eu,9903.02.76
84141000,civil_aircraft,korea,9903.02.81
84142000,civil_aircraft,eu,9903.02.76
84142000,civil_aircraft,korea,9903.02.81
84143040,civil_aircraft,eu,9903.02.76
84143040,civil_aircraft,korea,9903.02.81
84143080,civil_aircraft,eu,9903.02.76
84143080,civil_aircraft,korea,9903.02.81
84145130,civil_aircraft,eu,9903.02.76
84145130,civil_aircraft,korea,9903.02.81
84145190,civil_aircraft,eu,9903.02.76
84145190,civil_aircraft,korea,9903.02.81
84145930,civil_aircraft,eu,9903.02.76
84145930,civil_aircraft,korea,9903.02.81
84145965,civil_aircraft,eu,9903.02.76
84145965,civil_aircraft,korea,9903.02.81
84148005,civil_aircraft,eu,9903.02.76
84148005,civil_aircraft,korea,9903.02.81
84148016,civil_aircraft,eu,9903.02.76
84148016,civil_aircraft,korea,9903.02.81
84148020,civil_aircraft,eu,9903.02.76
84148020,civil_aircraft,korea,9903.02.81
84148090,civil_aircraft,eu,9903.02.76
84148090,civil_aircraft,korea,9903.02.81
84149010,civil_aircraft,eu,9903.02.76
84149010,civil_aircraft,korea,9903.02.81
84149030,civil_aircraft,eu,9903.02.76
84149030,civil_aircraft,korea,9903.02.81
84149041,civil_aircraft,eu,9903.02.76
84149041,civil_aircraft,korea,9903.02.81
84149091,civil_aircraft,eu,9903.02.76
84149091,civil_aircraft,korea,9903.02.81
84151060,civil_aircraft,eu,9903.02.76
84151060,civil_aircraft,korea,9903.02.81
84151090,civil_aircraft,eu,9903.02.76
84151090,civil_aircraft,korea,9903.02.81
84158101,civil_aircraft,eu,9903.02.76
84158101,civil_aircraft,korea,9903.02.81
84158201,civil_aircraft,eu,9903.02.76
84158201,civil_aircraft,korea,9903.02.81
84158300,civil_aircraft,eu,9903.02.76
84158300,civil_aircraft,korea,9903.02.81
84159040,civil_aircraft,eu,9903.02.76
84159040,civil_aircraft,korea,9903.02.81
84159080,civil_aircraft,eu,9903.02.76
84159080,civil_aircraft,korea,9903.02.81
84181000,civil_aircraft,eu,9903.02.76
84181000,civil_aircraft,korea,9903.02.81
84183000,civil_aircraft,eu,9903.02.76
84183000,civil_aircraft,korea,9903.02.81
84184000,civil_aircraft,eu,9903.02.76
84184000,civil_aircraft,korea,9903.02.81
84186101,civil_aircraft,eu,9903.02.76
84186101,civil_aircraft,korea,9903.02.81
84186901,civil_aircraft,eu,9903.02.76
84186901,civil_aircraft,korea,9903.02.81
84195010,civil_aircraft,eu,9903.02.76
84195010,civil_aircraft,korea,9903.02.81
84195050,civil_aircraft,eu,9903.02.76
84195050,civil_aircraft,korea,9903.02.81
84198150,civil_aircraft,eu,9903.02.76
84198150,civil_aircraft,korea,9903.02.81
84198190,civil_aircraft,eu,9903.02.76
84198190,civil_aircraft,korea,9903.02.81
84199010,civil_aircraft,eu,9903.02.76
84199010,civil_aircraft,korea,9903.02.81
84199020,civil_aircraft,eu,9903.02.76
84199020,civil_aircraft,korea,9903.02.81
84199030,civil_aircraft,eu,9903.02.76
84199030,civil_aircraft,korea,9903.02.81
84199050,civil_aircraft,eu,9903.02.76
84199050,civil_aircraft,korea,9903.02.81
84199085,civil_aircraft,eu,9903.02.76
84199085,civil_aircraft,korea,9903.02.81
84211900,civil_aircraft,eu,9903.02.76
84211900,civil_aircraft,korea,9903.02.81
84212100,civil_aircraft,eu,9903.02.76
84212100,civil_aircraft,korea,9903.02.81
84212300,civil_aircraft,eu,9903.02.76
84212300,civil_aircraft,korea,9903.02.81
84212900,civil_aircraft,eu,9903.02.76
84212900,civil_aircraft,korea,9903.02.81
84213100,civil_aircraft,eu,9903.02.76
84213100,civil_aircraft,korea,9903.02.81
84213200,civil_aircraft,eu,9903.02.76
84213200,civil_aircraft,korea,9903.02.81
84213901,civil_aircraft,eu,9903.02.76
84213901,civil_aircraft,korea,9903.02.81
84241000,civil_aircraft,eu,9903.02.76
84241000,civil_aircraft,korea,9903.02.81
84251100,civil_aircraft,eu,9903.02.76
84251100,civil_aircraft,korea,9903.02.81
84251900,civil_aircraft,eu,9903.02.76
84251900,civil_aircraft,korea,9903.02.81
84253101,civil_aircraft,eu,9903.02.76
84253101,civil_aircraft,korea,9903.02.81
84253901,civil_aircraft,eu,9903.02.76
84253901,civil_aircraft,korea,9903.02.81
84254200,civil_aircraft,eu,9903.02.76
84254200,civil_aircraft,korea,9903.02.81
84254900,civil_aircraft,eu,9903.02.76
84254900,civil_aircraft,korea,9903.02.81
84269900,civil_aircraft,eu,9903.02.76
84269900,civil_aircraft,korea,9903.02.81
84281000,civil_aircraft,eu,9903.02.76
84281000,civil_aircraft,korea,9903.02.81
84282000,civil_aircraft,eu,9903.02.76
84282000,civil_aircraft,korea,9903.02.81
84283300,civil_aircraft,eu,9903.02.76
84283300,civil_aircraft,korea,9903.02.81
84283900,civil_aircraft,eu,9903.02.76
84283900,civil_aircraft,korea,9903.02.81
84289003,civil_aircraft,eu,9903.02.76
84289003,civil_aircraft,korea,9903.02.81
84433100,civil_aircraft,eu,9903.02.76
84433100,civil_aircraft,korea,9903.02.81
84433210,civil_aircraft,eu,9903.02.76
84433210,civil_aircraft,korea,9903.02.81
84433250,civil_aircraft,eu,9903.02.76
84433250,civil_aircraft,korea,9903.02.81
84714101,civil_aircraft,eu,9903.02.76
84714101,civil_aircraft,korea,9903.02.81
84714900,civil_aircraft,eu,9903.02.76
84714900,civil_aircraft,korea,9903.02.81
84715001,civil_aircraft,eu,9903.02.76
84715001,civil_aircraft,korea,9903.02.81
84716010,civil_aircraft,eu,9903.02.76
84716010,civil_aircraft,korea,9903.02.81
84716020,civil_aircraft,eu,9903.02.76
84716020,civil_aircraft,korea,9903.02.81
84716070,civil_aircraft,eu,9903.02.76
84716070,civil_aircraft,korea,9903.02.81
84716080,civil_aircraft,eu,9903.02.76
84716080,civil_aircraft,korea,9903.02.81
84716090,civil_aircraft,eu,9903.02.76
84716090,civil_aircraft,korea,9903.02.81
84717010,civil_aircraft,eu,9903.02.76
84717010,civil_aircraft,korea,9903.02.81
84717020,civil_aircraft,eu,9903.02.76
84717020,civil_aircraft,korea,9903.02.81
84717030,civil_aircraft,eu,9903.02.76
84717030,civil_aircraft,korea,9903.02.81
84717040,civil_aircraft,eu,9903.02.76
84717040,civil_aircraft,korea,9903.02.81
84717050,civil_aircraft,eu,9903.02.76
84717050,civil_aircraft,korea,9903.02.81
84717060,civil_aircraft,eu,9903.02.76
84717060,civil_aircraft,korea,9903.02.81
84717090,civil_aircraft,eu,9903.02.76
84717090,civil_aircraft,korea,9903.02.81
84798910,civil_aircraft,eu,9903.02.76
84798910,civil_aircraft,korea,9903.02.81
84798920,civil_aircraft,eu,9903.02.76
84798920,civil_aircraft,korea,9903.02.81
84798965,civil_aircraft,eu,9903.02.76
84798965,civil_aircraft,korea,9903.02.81
84798970,civil_aircraft,eu,9903.02.76
84798970,civil_aircraft,korea,9903.02.81
84798995,civil_aircraft,eu,9903.02.76
84798995,civil_aircraft,korea,9903.02.81
84799041,civil_aircraft,eu,9903.02.76
84799041,civil_aircraft,korea,9903.02.81
84799045,civil_aircraft,eu,9903.02.76
84799045,civil_aircraft,korea,9903.02.81
84799055,civil_aircraft,eu,9903.02.76
84799055,civil_aircraft,korea,9903.02.81
84799065,civil_aircraft,eu,9903.02.76
84799065,civil_aircraft,korea,9903.02.81
84799075,civil_aircraft,eu,9903.02.76
84799075,civil_aircraft,korea,9903.02.81
84799085,civil_aircraft,eu,9903.02.76
84799085,civil_aircraft,korea,9903.02.81
84799095,civil_aircraft,eu,9903.02.76
84799095,civil_aircraft,korea,9903.02.81
84831010,civil_aircraft,eu,9903.02.76
84831010,civil_aircraft,korea,9903.02.81
84831030,civil_aircraft,eu,9903.02.76
84831030,civil_aircraft,korea,9903.02.81
84831050,civil_aircraft,eu,9903.02.76
84831050,civil_aircraft,korea,9903.02.81
84833040,civil_aircraft,eu,9903.02.76
84833040,civil_aircraft,korea,9903.02.81
84833080,civil_aircraft,eu,9903.02.76
84833080,civil_aircraft,korea,9903.02.81
84834010,civil_aircraft,eu,9903.02.76
84834010,civil_aircraft,korea,9903.02.81
84834030,civil_aircraft,eu,9903.02.76
84834030,civil_aircraft,korea,9903.02.81
84834050,civil_aircraft,eu,9903.02.76
84834050,civil_aircraft,korea,9903.02.81
84834070,civil_aircraft,eu,9903.02.76
84834070,civil_aircraft,korea,9903.02.81
84834080,civil_aircraft,eu,9903.02.76
84834080,civil_aircraft,korea,9903.02.81
84834090,civil_aircraft,eu,9903.02.76
84834090,civil_aircraft,korea,9903.02.81
84835040,civil_aircraft,eu,9903.02.76
84835040,civil_aircraft,korea,9903.02.81
84835060,civil_aircraft,eu,9903.02.76
84835060,civil_aircraft,korea,9903.02.81
84835090,civil_aircraft,eu,9903.02.76
84835090,civil_aircraft,korea,9903.02.81
84836040,civil_aircraft,eu,9903.02.76
84836040,civil_aircraft,korea,9903.02.81
84836080,civil_aircraft,eu,9903.02.76
84836080,civil_aircraft,korea,9903.02.81
84839010,civil_aircraft,eu,9903.02.76
84839010,civil_aircraft,korea,9903.02.81
84839020,civil_aircraft,eu,9903.02.76
84839020,civil_aircraft,korea,9903.02.81
84839030,civil_aircraft,eu,9903.02.76
84839030,civil_aircraft,korea,9903.02.81
84839050,civil_aircraft,eu,9903.02.76
84839050,civil_aircraft,korea,9903.02.81
84839080,civil_aircraft,eu,9903.02.76
84839080,civil_aircraft,korea,9903.02.81
84841000,civil_aircraft,eu,9903.02.76
84841000,civil_aircraft,korea,9903.02.81
84849000,civil_aircraft,eu,9903.02.76
84849000,civil_aircraft,korea,9903.02.81
85012050,civil_aircraft,eu,9903.02.76
85012050,civil_aircraft,korea,9903.02.81
85012060,civil_aircraft,eu,9903.02.76
85012060,civil_aircraft,korea,9903.02.81
85013150,civil_aircraft,eu,9903.02.76
85013150,civil_aircraft,korea,9903.02.81
85013160,civil_aircraft,eu,9903.02.76
85013160,civil_aircraft,korea,9903.02.81
85013181,civil_aircraft,eu,9903.02.76
85013181,civil_aircraft,korea,9903.02.81
85013220,civil_aircraft,eu,9903.02.76
85013220,civil_aircraft,korea,9903.02.81
85013255,civil_aircraft,eu,9903.02.76
85013255,civil_aircraft,korea,9903.02.81
85013261,civil_aircraft,eu,9903.02.76
85013261,civil_aircraft,korea,9903.02.81
85013320,civil_aircraft,eu,9903.02.76
85013320,civil_aircraft,korea,9903.02.81
85013330,civil_aircraft,eu,9903.02.76
85013330,civil_aircraft,korea,9903.02.81
85013361,civil_aircraft,eu,9903.02.76
85013361,civil_aircraft,korea,9903.02.81
85013461,civil_aircraft,eu,9903.02.76
85013461,civil_aircraft,korea,9903.02.81
85014050,civil_aircraft,eu,9903.02.76
85014050,civil_aircraft,korea,9903.02.81
85014060,civil_aircraft,eu,9903.02.76
85014060,civil_aircraft,korea,9903.02.81
85015150,civil_aircraft,eu,9903.02.76
85015150,civil_aircraft,korea,9903.02.81
85015160,civil_aircraft,eu,9903.02.76
85015160,civil_aircraft,korea,9903.02.81
85015240,civil_aircraft,eu,9903.02.76
85015240,civil_aircraft,korea,9903.02.81
85015280,civil_aircraft,eu,9903.02.76
85015280,civil_aircraft,korea,9903.02.81
85015340,civil_aircraft,eu,9903.02.76
85015340,civil_aircraft,korea,9903.02.81
85015360,civil_aircraft,eu,9903.02.76
85015360,civil_aircraft,korea,9903.02.81
85016101,civil_aircraft,eu,9903.02.76
85016101,civil_aircraft,korea,9903.02.81
85016201,civil_aircraft,eu,9903.02.76
85016201,civil_aircraft,korea,9903.02.81
85016301,civil_aircraft,eu,9903.02.76
85016301,civil_aircraft,korea,9903.02.81
85017100,civil_aircraft,eu,9903.02.76
85017100,civil_aircraft,korea,9903.02.81
85017210,civil_aircraft,eu,9903.02.76
85017210,civil_aircraft,korea,9903.02.81
85017220,civil_aircraft,eu,9903.02.76
85017220,civil_aircraft,korea,9903.02.81
85017230,civil_aircraft,eu,9903.02.76
85017230,civil_aircraft,korea,9903.02.81
85017290,civil_aircraft,eu,9903.02.76
85017290,civil_aircraft,korea,9903.02.81
85018010,civil_aircraft,eu,9903.02.76
85018010,civil_aircraft,korea,9903.02.81
85018020,civil_aircraft,eu,9903.02.76
85018020,civil_aircraft,korea,9903.02.81
85018030,civil_aircraft,eu,9903.02.76
85018030,civil_aircraft,korea,9903.02.81
85021100,civil_aircraft,eu,9903.02.76
85021100,civil_aircraft,korea,9903.02.81
85021200,civil_aircraft,eu,9903.02.76
85021200,civil_aircraft,korea,9903.02.81
85021300,civil_aircraft,eu,9903.02.76
85021300,civil_aircraft,korea,9903.02.81
85022000,civil_aircraft,eu,9903.02.76
85022000,civil_aircraft,korea,9903.02.81
85023100,civil_aircraft,eu,9903.02.76
85023100,civil_aircraft,korea,9903.02.81
85023900,civil_aircraft,eu,9903.02.76
85023900,civil_aircraft,korea,9903.02.81
85024000,civil_aircraft,eu,9903.02.76
85024000,civil_aircraft,korea,9903.02.81
85041000,civil_aircraft,eu,9903.02.76
85041000,civil_aircraft,korea,9903.02.81
85043120,civil_aircraft,eu,9903.02.76
85043120,civil_aircraft,korea,9903.02.81
85043140,civil_aircraft,eu,9903.02.76
85043140,civil_aircraft,korea,9903.02.81
85043160,civil_aircraft,eu,9903.02.76
85043160,civil_aircraft,korea,9903.02.81
85043200,civil_aircraft,eu,9903.02.76
85043200,civil_aircraft,korea,9903.02.81
85043300,civil_aircraft,eu,9903.02.76
85043300,civil_aircraft,korea,9903.02.81
85044040,civil_aircraft,eu,9903.02.76
85044040,civil_aircraft,korea,9903.02.81
85044060,civil_aircraft,eu,9903.02.76
85044060,civil_aircraft,korea,9903.02.81
85044070,civil_aircraft,eu,9903.02.76
85044070,civil_aircraft,korea,9903.02.81
85044085,civil_aircraft,eu,9903.02.76
85044085,civil_aircraft,korea,9903.02.81
85044095,civil_aircraft,eu,9903.02.76
85044095,civil_aircraft,korea,9903.02.81
85045040,civil_aircraft,eu,9903.02.76
85045040,civil_aircraft,korea,9903.02.81
85045080,civil_aircraft,eu,9903.02.76
85045080,civil_aircraft,korea,9903.02.81
85071000,civil_aircraft,eu,9903.02.76
85071000,civil_aircraft,korea,9903.02.81
85072080,civil_aircraft,eu,9903.02.76
85072080,civil_aircraft,korea,9903.02.81
85073080,civil_aircraft,eu,9903.02.76
85073080,civil_aircraft,korea,9903.02.81
85075000,civil_aircraft,eu,9903.02.76
85075000,civil_aircraft,korea,9903.02.81
85076000,civil_aircraft,eu,9903.02.76
85076000,civil_aircraft,korea,9903.02.81
85078082,civil_aircraft,eu,9903.02.76
85078082,civil_aircraft,korea,9903.02.81
85079040,civil_aircraft,eu,9903.02.76
85079040,civil_aircraft,korea,9903.02.81
85079080,civil_aircraft,eu,9903.02.76
85079080,civil_aircraft,korea,9903.02.81
85111000,civil_aircraft,eu,9903.02.76
85111000,civil_aircraft,korea,9903.02.81
85112000,civil_aircraft,eu,9903.02.76
85112000,civil_aircraft,korea,9903.02.81
85113000,civil_aircraft,eu,9903.02.76
85113000,civil_aircraft,korea,9903.02.81
85114000,civil_aircraft,eu,9903.02.76
85114000,civil_aircraft,korea,9903.02.81
85115000,civil_aircraft,eu,9903.02.76
85115000,civil_aircraft,korea,9903.02.81
85118020,civil_aircraft,eu,9903.02.76
85118020,civil_aircraft,korea,9903.02.81
85118040,civil_aircraft,eu,9903.02.76
85118040,civil_aircraft,korea,9903.02.81
85118060,civil_aircraft,eu,9903.02.76
85118060,civil_aircraft,korea,9903.02.81
85142040,civil_aircraft,eu,9903.02.76
85142040,civil_aircraft,korea,9903.02.81
85168040,civil_aircraft,eu,9903.02.76
85168040,civil_aircraft,korea,9903.02.81
85168080,civil_aircraft,eu,9903.02.76
85168080,civil_aircraft,korea,9903.02.81
85171300,civil_aircraft,eu,9903.02.76
85171300,civil_aircraft,korea,9903.02.81
85171400,civil_aircraft,eu,9903.02.76
85171400,civil_aircraft,korea,9903.02.81
85176100,civil_aircraft,eu,9903.02.76
85176100,civil_aircraft,korea,9903.02.81
85176200,civil_aircraft,eu,9903.02.76
85176200,civil_aircraft,korea,9903.02.81
85176900,civil_aircraft,eu,9903.02.76
85176900,civil_aircraft,korea,9903.02.81
85177100,civil_aircraft,eu,9903.02.76
85177100,civil_aircraft,korea,9903.02.81
85181040,civil_aircraft,eu,9903.02.76
85181040,civil_aircraft,korea,9903.02.81
85181080,civil_aircraft,eu,9903.02.76
85181080,civil_aircraft,korea,9903.02.81
85182100,civil_aircraft,eu,9903.02.76
85182100,civil_aircraft,korea,9903.02.81
85182200,civil_aircraft,eu,9903.02.76
85182200,civil_aircraft,korea,9903.02.81
85182940,civil_aircraft,eu,9903.02.76
85182940,civil_aircraft,korea,9903.02.81
85182980,civil_aircraft,eu,9903.02.76
85182980,civil_aircraft,korea,9903.02.81
85183010,civil_aircraft,eu,9903.02.76
85183010,civil_aircraft,korea,9903.02.81
85183020,civil_aircraft,eu,9903.02.76
85183020,civil_aircraft,korea,9903.02.81
85184010,civil_aircraft,eu,9903.02.76
85184010,civil_aircraft,korea,9903.02.81
85184020,civil_aircraft,eu,9903.02.76
85184020,civil_aircraft,korea,9903.02.81
85185000,civil_aircraft,eu,9903.02.76
85185000,civil_aircraft,korea,9903.02.81
85198110,civil_aircraft,eu,9903.02.76
85198110,civil_aircraft,korea,9903.02.81
85198120,civil_aircraft,eu,9903.02.76
85198120,civil_aircraft,korea,9903.02.81
85198125,civil_aircraft,eu,9903.02.76
85198125,civil_aircraft,korea,9903.02.81
85198130,civil_aircraft,eu,9903.02.76
85198130,civil_aircraft,korea,9903.02.81
85198141,civil_aircraft,eu,9903.02.76
85198141,civil_aircraft,korea,9903.02.81
85198910,civil_aircraft,eu,9903.02.76
85198910,civil_aircraft,korea,9903.02.81
85198920,civil_aircraft,eu,9903.02.76
85198920,civil_aircraft,korea,9903.02.81
85198930,civil_aircraft,eu,9903.02.76
85198930,civil_aircraft,korea,9903.02.81
85211030,civil_aircraft,eu,9903.02.76
85211030,civil_aircraft,korea,9903.02.81
85211060,civil_aircraft,eu,9903.02.76
85211060,civil_aircraft,korea,9903.02.81
85211090,civil_aircraft,eu,9903.02.76
85211090,civil_aircraft,korea,9903.02.81
85229025,civil_aircraft,eu,9903.02.76
85229025,civil_aircraft,korea,9903.02.81
85229036,civil_aircraft,eu,9903.02.76
85229036,civil_aircraft,korea,9903.02.81
85229045,civil_aircraft,eu,9903.02.76
85229045,civil_aircraft,korea,9903.02.81
85229058,civil_aircraft,eu,9903.02.76
85229058,civil_aircraft,korea,9903.02.81
85229065,civil_aircraft,eu,9903.02.76
85229065,civil_aircraft,korea,9903.02.81
85229080,civil_aircraft,eu,9903.02.76
85229080,civil_aircraft,korea,9903.02.81
85261000,civil_aircraft,eu,9903.02.76
85261000,civil_aircraft,korea,9903.02.81
85269100,civil_aircraft,eu,9903.02.76
85269100,civil_aircraft,korea,9903.02.81
85269210,civil_aircraft,eu,9903.02.76
85269210,civil_aircraft,korea,9903.02.81
85269250,civil_aircraft,eu,9903.02.76
85269250,civil_aircraft,korea,9903.02.81
85284200,civil_aircraft,eu,9903.02.76
85284200,civil_aircraft,korea,9903.02.81
85285200,civil_aircraft,eu,9903.02.76
85285200,civil_aircraft,korea,9903.02.81
85286200,civil_aircraft,eu,9903.02.76
85286200,civil_aircraft,korea,9903.02.81
85291021,civil_aircraft,eu,9903.02.76
85291021,civil_aircraft,korea,9903.02.81
85291040,civil_aircraft,eu,9903.02.76
85291040,civil_aircraft,korea,9903.02.81
85291091,civil_aircraft,eu,9903.02.76
85291091,civil_aircraft,korea,9903.02.81
85299004,civil_aircraft,eu,9903.02.76
85299004,civil_aircraft,korea,9903.02.81
85299005,civil_aircraft,eu,9903.02.76
85299005,civil_aircraft,korea,9903.02.81
85299006,civil_aircraft,eu,9903.02.76
85299006,civil_aircraft,korea,9903.02.81
85299009,civil_aircraft,eu,9903.02.76
85299009,civil_aircraft,korea,9903.02.81
85299013,civil_aircraft,eu,9903.02.76
85299013,civil_aircraft,korea,9903.02.81
85299016,civil_aircraft,eu,9903.02.76
85299016,civil_aircraft,korea,9903.02.81
85299019,civil_aircraft,eu,9903.02.76
85299019,civil_aircraft,korea,9903.02.81
85299021,civil_aircraft,eu,9903.02.76
85299021,civil_aircraft,korea,9903.02.81
85299024,civil_aircraft,eu,9903.02.76
85299024,civil_aircraft,korea,9903.02.81
85299029,civil_aircraft,eu,9903.02.76
85299029,civil_aircraft,korea,9903.02.81
85299033,civil_aircraft,eu,9903.02.76
85299033,civil_aircraft,korea,9903.02.81
85299036,civil_aircraft,eu,9903.02.76
85299036,civil_aircraft,korea,9903.02.81
85299039,civil_aircraft,eu,9903.02.76
85299039,civil_aircraft,korea,9903.02.81
85299043,civil_aircraft,eu,9903.02.76
85299043,civil_aircraft,korea,9903.02.81
85299046,civil_aircraft,eu,9903.02.76
85299046,civil_aircraft,korea,9903.02.81
85299049,civil_aircraft,eu,9903.02.76
85299049,civil_aircraft,korea,9903.02.81
85299055,civil_aircraft,eu,9903.02.76
85299055,civil_aircraft,korea,9903.02.81
85299063,civil_aircraft,eu,9903.02.76
85299063,civil_aircraft,korea,9903.02.81
85299068,civil_aircraft,eu,9903.02.76
85299068,civil_aircraft,korea,9903.02.81
85299073,civil_aircraft,eu,9903.02.76
85299073,civil_aircraft,korea,9903.02.81
85299077,civil_aircraft,eu,9903.02.76
85299077,civil_aircraft,korea,9903.02.81
85299078,civil_aircraft,eu,9903.02.76
85299078,civil_aircraft,korea,9903.02.81
85299081,civil_aircraft,eu,9903.02.76
85299081,civil_aircraft,korea,9903.02.81
85299083,civil_aircraft,eu,9903.02.76
85299083,civil_aircraft,korea,9903.02.81
85299087,civil_aircraft,eu,9903.02.76
85299087,civil_aircraft,korea,9903.02.81
85299088,civil_aircraft,eu,9903.02.76
85299088,civil_aircraft,korea,9903.02.81
85299089,civil_aircraft,eu,9903.02.76
85299089,civil_aircraft,korea,9903.02.81
85299093,civil_aircraft,eu,9903.02.76
85299093,civil_aircraft,korea,9903.02.81
85299095,civil_aircraft,eu,9903.02.76
85299095,civil_aircraft,korea,9903.02.81
85299097,civil_aircraft,eu,9903.02.76
85299097,civil_aircraft,korea,9903.02.81
85299098,civil_aircraft,eu,9903.02.76
85299098,civil_aircraft,korea,9903.02.81
85311000,civil_aircraft,eu,9903.02.76
85311000,civil_aircraft,korea,9903.02.81
85312000,civil_aircraft,eu,9903.02.76
85312000,civil_aircraft,korea,9903.02.81
85318015,civil_aircraft,eu,9903.02.76
85318015,civil_aircraft,korea,9903.02.81
85318090,civil_aircraft,eu,9903.02.76
85318090,civil_aircraft,korea,9903.02.81
85367000,civil_aircraft,eu,9903.02.76
85367000,civil_aircraft,korea,9903.02.81
85391000,civil_aircraft,eu,9903.02.76
85391000,civil_aircraft,korea,9903.02.81
85395100,civil_aircraft,eu,9903.02.76
85395100,civil_aircraft,korea,9903.02.81
85437042,civil_aircraft,eu,9903.02.76
85437042,civil_aircraft,korea,9903.02.81
85437045,civil_aircraft,eu,9903.02.76
85437045,civil_aircraft,korea,9903.02.81
85437060,civil_aircraft,eu,9903.02.76
85437060,civil_aircraft,korea,9903.02.81
85437080,civil_aircraft,eu,9903.02.76
85437080,civil_aircraft,korea,9903.02.81
85437091,civil_aircraft,eu,9903.02.76
85437091,civil_aircraft,korea,9903.02.81
85437095,civil_aircraft,eu,9903.02.76
85437095,civil_aircraft,korea,9903.02.81
85439012,civil_aircraft,eu,9903.02.76
85439012,civil_aircraft,korea,9903.02.81
85439015,civil_aircraft,eu,9903.02.76
85439015,civil_aircraft,korea,9903.02.81
85439035,civil_aircraft,eu,9903.02.76
85439035,civil_aircraft,korea,9903.02.81
85439065,civil_aircraft,eu,9903.02.76
85439065,civil_aircraft,korea,9903.02.81
85439068,civil_aircraft,eu,9903.02.76
85439068,civil_aircraft,korea,9903.02.81
85439085,civil_aircraft,eu,9903.02.76
85439085,civil_aircraft,korea,9903.02.81
85439088,civil_aircraft,eu,9903.02.76
85439088,civil_aircraft,korea,9903.02.81
85443000,civil_aircraft,eu,9903.02.76
85443000,civil_aircraft,korea,9903.02.81
88010000,civil_aircraft,eu,9903.02.76
88010000,civil_aircraft,korea,9903.02.81
88021101,civil_aircraft,eu,9903.02.76
88021101,civil_aircraft,korea,9903.02.81
88021201,civil_aircraft,eu,9903.02.76
88021201,civil_aircraft,korea,9903.02.81
88022001,civil_aircraft,eu,9903.02.76
88022001,civil_aircraft,korea,9903.02.81
88023001,civil_aircraft,eu,9903.02.76
88023001,civil_aircraft,korea,9903.02.81
88024001,civil_aircraft,eu,9903.02.76
88024001,civil_aircraft,korea,9903.02.81
88052900,civil_aircraft,eu,9903.02.76
88052900,civil_aircraft,korea,9903.02.81
88071000,civil_aircraft,eu,9903.02.76
88071000,civil_aircraft,korea,9903.02.81
88072000,civil_aircraft,eu,9903.02.76
88072000,civil_aircraft,korea,9903.02.81
88073000,civil_aircraft,eu,9903.02.76
88073000,civil_aircraft,korea,9903.02.81
88079090,civil_aircraft,eu,9903.02.76
88079090,civil_aircraft,korea,9903.02.81
90019040,civil_aircraft,eu,9903.02.76
90019040,civil_aircraft,korea,9903.02.81
90019050,civil_aircraft,eu,9903.02.76
90019050,civil_aircraft,korea,9903.02.81
90019060,civil_aircraft,eu,9903.02.76
90019060,civil_aircraft,korea,9903.02.81
90019080,civil_aircraft,eu,9903.02.76
90019080,civil_aircraft,korea,9903.02.81
90019090,civil_aircraft,eu,9903.02.76
90019090,civil_aircraft,korea,9903.02.81
90029020,civil_aircraft,eu,9903.02.76
90029020,civil_aircraft,korea,9903.02.81
90029040,civil_aircraft,eu,9903.02.76
90029040,civil_aircraft,korea,9903.02.81
90029070,civil_aircraft,eu,9903.02.76
90029070,civil_aircraft,korea,9903.02.81
90029085,civil_aircraft,eu,9903.02.76
90029085,civil_aircraft,korea,9903.02.81
90029095,civil_aircraft,eu,9903.02.76
90029095,civil_aircraft,korea,9903.02.81
90141010,civil_aircraft,eu,9903.02.76
90141010,civil_aircraft,korea,9903.02.81
90141060,civil_aircraft,eu,9903.02.76
90141060,civil_aircraft,korea,9903.02.81
90141070,civil_aircraft,eu,9903.02.76
90141070,civil_aircraft,korea,9903.02.81
90141090,civil_aircraft,eu,9903.02.76
90141090,civil_aircraft,korea,9903.02.81
90142020,civil_aircraft,eu,9903.02.76
90142020,civil_aircraft,korea,9903.02.81
90142040,civil_aircraft,eu,9903.02.76
90142040,civil_aircraft,korea,9903.02.81
90142060,civil_aircraft,eu,9903.02.76
90142060,civil_aircraft,korea,9903.02.81
90142080,civil_aircraft,eu,9903.02.76
90142080,civil_aircraft,korea,9903.02.81
90149010,civil_aircraft,eu,9903.02.76
90149010,civil_aircraft,korea,9903.02.81
90149020,civil_aircraft,eu,9903.02.76
90149020,civil_aircraft,korea,9903.02.81
90149040,civil_aircraft,eu,9903.02.76
90149040,civil_aircraft,korea,9903.02.81
90149060,civil_aircraft,eu,9903.02.76
90149060,civil_aircraft,korea,9903.02.81
90200040,civil_aircraft,eu,9903.02.76
90200040,civil_aircraft,korea,9903.02.81
90200060,civil_aircraft,eu,9903.02.76
90200060,civil_aircraft,korea,9903.02.81
90251120,civil_aircraft,eu,9903.02.76
90251120,civil_aircraft,korea,9903.02.81
90251140,civil_aircraft,eu,9903.02.76
90251140,civil_aircraft,korea,9903.02.81
90251940,civil_aircraft,eu,9903.02.76
90251940,civil_aircraft,korea,9903.02.81
90251980,civil_aircraft,eu,9903.02.76
90251980,civil_aircraft,korea,9903.02.81
90258010,civil_aircraft,eu,9903.02.76
90258010,civil_aircraft,korea,9903.02.81
90258015,civil_aircraft,eu,9903.02.76
90258015,civil_aircraft,korea,9903.02.81
90258020,civil_aircraft,eu,9903.02.76
90258020,civil_aircraft,korea,9903.02.81
90258035,civil_aircraft,eu,9903.02.76
90258035,civil_aircraft,korea,9903.02.81
90258040,civil_aircraft,eu,9903.02.76
90258040,civil_aircraft,korea,9903.02.81
90258050,civil_aircraft,eu,9903.02.76
90258050,civil_aircraft,korea,9903.02.81
90259006,civil_aircraft,eu,9903.02.76
90259006,civil_aircraft,korea,9903.02.81
90261020,civil_aircraft,eu,9903.02.76
90261020,civil_aircraft,korea,9903.02.81
90261040,civil_aircraft,eu,9903.02.76
90261040,civil_aircraft,korea,9903.02.81
90261060,civil_aircraft,eu,9903.02.76
90261060,civil_aircraft,korea,9903.02.81
90262040,civil_aircraft,eu,9903.02.76
90262040,civil_aircraft,korea,9903.02.81
90262080,civil_aircraft,eu,9903.02.76
90262080,civil_aircraft,korea,9903.02.81
90268020,civil_aircraft,eu,9903.02.76
90268020,civil_aircraft,korea,9903.02.81
90268040,civil_aircraft,eu,9903.02.76
90268040,civil_aircraft,korea,9903.02.81
90268060,civil_aircraft,eu,9903.02.76
90268060,civil_aircraft,korea,9903.02.81
90269020,civil_aircraft,eu,9903.02.76
90269020,civil_aircraft,korea,9903.02.81
90269040,civil_aircraft,eu,9903.02.76
90269040,civil_aircraft,korea,9903.02.81
90269060,civil_aircraft,eu,9903.02.76
90269060,civil_aircraft,korea,9903.02.81
90291080,civil_aircraft,eu,9903.02.76
90291080,civil_aircraft,korea,9903.02.81
90292040,civil_aircraft,eu,9903.02.76
90292040,civil_aircraft,korea,9903.02.81
90299080,civil_aircraft,eu,9903.02.76
90299080,civil_aircraft,korea,9903.02.81
90301000,civil_aircraft,eu,9903.02.76
90301000,civil_aircraft,korea,9903.02.81
90302005,civil_aircraft,eu,9903.02.76
90302005,civil_aircraft,korea,9903.02.81
90302010,civil_aircraft,eu,9903.02.76
90302010,civil_aircraft,korea,9903.02.81
90303100,civil_aircraft,eu,9903.02.76
90303100,civil_aircraft,korea,9903.02.81
90303200,civil_aircraft,eu,9903.02.76
90303200,civil_aircraft,korea,9903.02.81
90303334,civil_aircraft,eu,9903.02.76
90303334,civil_aircraft,korea,9903.02.81
90303338,civil_aircraft,eu,9903.02.76
90303338,civil_aircraft,korea,9903.02.81
90303901,civil_aircraft,eu,9903.02.76
90303901,civil_aircraft,korea,9903.02.81
90304000,civil_aircraft,eu,9903.02.76
90304000,civil_aircraft,korea,9903.02.81
90308400,civil_aircraft,eu,9903.02.76
90308400,civil_aircraft,korea,9903.02.81
90308901,civil_aircraft,eu,9903.02.76
90308901,civil_aircraft,korea,9903.02.81
90309025,civil_aircraft,eu,9903.02.76
90309025,civil_aircraft,korea,9903.02.81
90309046,civil_aircraft,eu,9903.02.76
90309046,civil_aircraft,korea,9903.02.81
90309066,civil_aircraft,eu,9903.02.76
90309066,civil_aircraft,korea,9903.02.81
90309068,civil_aircraft,eu,9903.02.76
90309068,civil_aircraft,korea,9903.02.81
90309084,civil_aircraft,eu,9903.02.76
90309084,civil_aircraft,korea,9903.02.81
90309089,civil_aircraft,eu,9903.02.76
90309089,civil_aircraft,korea,9903.02.81
90318040,civil_aircraft,eu,9903.02.76
90318040,civil_aircraft,korea,9903.02.81
90318080,civil_aircraft,eu,9903.02.76
90318080,civil_aircraft,korea,9903.02.81
90319021,civil_aircraft,eu,9903.02.76
90319021,civil_aircraft,korea,9903.02.81
90319045,civil_aircraft,eu,9903.02.76
90319045,civil_aircraft,korea,9903.02.81
90319054,civil_aircraft,eu,9903.02.76
90319054,civil_aircraft,korea,9903.02.81
90319059,civil_aircraft,eu,9903.02.76
90319059,civil_aircraft,korea,9903.02.81
90319070,civil_aircraft,eu,9903.02.76
90319070,civil_aircraft,korea,9903.02.81
90319091,civil_aircraft,eu,9903.02.76
90319091,civil_aircraft,korea,9903.02.81
90321000,civil_aircraft,eu,9903.02.76
90321000,civil_aircraft,korea,9903.02.81
90322000,civil_aircraft,eu,9903.02.76
90322000,civil_aircraft,korea,9903.02.81
90328100,civil_aircraft,eu,9903.02.76
90328100,civil_aircraft,korea,9903.02.81
90328920,civil_aircraft,eu,9903.02.76
90328920,civil_aircraft,korea,9903.02.81
90328940,civil_aircraft,eu,9903.02.76
90328940,civil_aircraft,korea,9903.02.81
90328960,civil_aircraft,eu,9903.02.76
90328960,civil_aircraft,korea,9903.02.81
90329021,civil_aircraft,eu,9903.02.76
90329021,civil_aircraft,korea,9903.02.81
90329041,civil_aircraft,eu,9903.02.76
90329041,civil_aircraft,korea,9903.02.81
90329061,civil_aircraft,eu,9903.02.76
90329061,civil_aircraft,korea,9903.02.81
90330090,civil_aircraft,eu,9903.02.76
90330090,civil_aircraft,korea,9903.02.81
91040005,civil_aircraft,eu,9903.02.76
91040005,civil_aircraft,korea,9903.02.81
91040010,civil_aircraft,eu,9903.02.76
91040010,civil_aircraft,korea,9903.02.81
91040020,civil_aircraft,eu,9903.02.76
91040020,civil_aircraft,korea,9903.02.81
91040025,civil_aircraft,eu,9903.02.76
91040025,civil_aircraft,korea,9903.02.81
91040030,civil_aircraft,eu,9903.02.76
91040030,civil_aircraft,korea,9903.02.81
91040040,civil_aircraft,eu,9903.02.76
91040040,civil_aircraft,korea,9903.02.81
91040045,civil_aircraft,eu,9903.02.76
91040045,civil_aircraft,korea,9903.02.81
91040050,civil_aircraft,eu,9903.02.76
91040050,civil_aircraft,korea,9903.02.81
91040060,civil_aircraft,eu,9903.02.76
91040060,civil_aircraft,korea,9903.02.81
91091050,civil_aircraft,eu,9903.02.76
91091050,civil_aircraft,korea,9903.02.81
91091060,civil_aircraft,eu,9903.02.76
91091060,civil_aircraft,korea,9903.02.81
91099020,civil_aircraft,eu,9903.02.76
91099020,civil_aircraft,korea,9903.02.81
94011040,civil_aircraft,eu,9903.02.76
94011040,civil_aircraft,korea,9903.02.81
94011080,civil_aircraft,eu,9903.02.76
94011080,civil_aircraft,korea,9903.02.81
94032000,civil_aircraft,eu,9903.02.76
94032000,civil_aircraft,korea,9903.02.81
94037040,civil_aircraft,eu,9903.02.76
94037040,civil_aircraft,korea,9903.02.81
94037080,civil_aircraft,eu,9903.02.76
94037080,civil_aircraft,korea,9903.02.81
94051140,civil_aircraft,eu,9903.02.76
94051140,civil_aircraft,korea,9903.02.81
94051160,civil_aircraft,eu,9903.02.76
94051160,civil_aircraft,korea,9903.02.81
94051180,civil_aircraft,eu,9903.02.76
94051180,civil_aircraft,korea,9903.02.81
94051940,civil_aircraft,eu,9903.02.76
94051940,civil_aircraft,korea,9903.02.81
94051960,civil_aircraft,eu,9903.02.76
94051960,civil_aircraft,korea,9903.02.81
94051980,civil_aircraft,eu,9903.02.76
94051980,civil_aircraft,korea,9903.02.81
94056120,civil_aircraft,eu,9903.02.76
94056120,civil_aircraft,korea,9903.02.81
94056140,civil_aircraft,eu,9903.02.76
94056140,civil_aircraft,korea,9903.02.81
94056160,civil_aircraft,eu,9903.02.76
94056160,civil_aircraft,korea,9903.02.81
94056920,civil_aircraft,eu,9903.02.76
94056920,civil_aircraft,korea,9903.02.81
94056940,civil_aircraft,eu,9903.02.76
94056940,civil_aircraft,korea,9903.02.81
94056960,civil_aircraft,eu,9903.02.76
94056960,civil_aircraft,korea,9903.02.81
94059200,civil_aircraft,eu,9903.02.76
94059200,civil_aircraft,korea,9903.02.81
94059920,civil_aircraft,eu,9903.02.76
94059920,civil_aircraft,korea,9903.02.81
94059940,civil_aircraft,eu,9903.02.76
94059940,civil_aircraft,korea,9903.02.81
96200050,civil_aircraft,eu,9903.02.76
96200050,civil_aircraft,korea,9903.02.81
96200060,civil_aircraft,eu,9903.02.76
96200060,civil_aircraft,korea,9903.02.81
98020040,civil_aircraft,eu,9903.02.76
98020040,civil_aircraft,korea,9903.02.81
98020050,civil_aircraft,eu,9903.02.76
98020050,civil_aircraft,korea,9903.02.81
98020060,civil_aircraft,eu,9903.02.76
98020060,civil_aircraft,japan,9903.96.02
98020060,civil_aircraft,korea,9903.02.81
98020080,civil_aircraft,eu,9903.02.76
98020080,civil_aircraft,korea,9903.02.81
98180005,civil_aircraft,eu,9903.02.76
98180005,civil_aircraft,korea,9903.02.81
98180007,civil_aircraft,eu,9903.02.76
98180007,civil_aircraft,korea,9903.02.81
