date,revision,mean_additional,mean_total,n_products,n_countries,weighted_etr,weighted_etr_additional,matched_imports_b,total_imports_b
2025-01-01,basic,0.23297195066240292,0.23680167759227877,18969,240,0.02546160095592477,0.024786238364783296,371.905329178,3123.773412637
2025-01-02,basic,0.23297195066240292,0.23680167759227877,18969,240,0.02546160095592477,0.024786238364783296,371.905329178,3123.773412637
2025-01-03,basic,0.23297195066240292,0.23680167759227877,18969,240,0.02546160095592477,0.024786238364783296,371.905329178,3123.773412637
2025-01-04,basic,0.23297195066240292,0.23680167759227877,18969,240,0.02546160095592477,0.024786238364783296,371.905329178,3123.773412637
2025-01-05,basic,0.23297195066240292,0.23680167759227877,18969,240,0.02546160095592477,0.024786238364783296,371.905329178,3123.773412637
2025-01-06,basic,0.23297195066240292,0.23680167759227877,18969,240,0.02546160095592477,0.024786238364783296,371.905329178,3123.773412637
2025-01-07,basic,0.23297195066240292,0.23680167759227877,18969,240,0.02546160095592477,0.024786238364783296,371.905329178,3123.773412637
2025-01-08,basic,0.23297195066240292,0.23680167759227877,18969,240,0.02546160095592477,0.024786238364783296,371.905329178,3123.773412637
2025-01-09,basic,0.23297195066240292,0.23680167759227877,18969,240,0.02546160095592477,0.024786238364783296,371.905329178,3123.773412637
2025-01-10,basic,0.23297195066240292,0.23680167759227877,18969,240,0.02546160095592477,0.024786238364783296,371.905329178,3123.773412637
2025-01-11,basic,0.23297195066240292,0.23680167759227877,18969,240,0.02546160095592477,0.024786238364783296,371.905329178,3123.773412637
2025-01-12,basic,0.23297195066240292,0.23680167759227877,18969,240,0.02546160095592477,0.024786238364783296,371.905329178,3123.773412637
2025-01-13,basic,0.23297195066240292,0.23680167759227877,18969,240,0.02546160095592477,0.024786238364783296,371.905329178,3123.773412637
2025-01-14,basic,0.23297195066240292,0.23680167759227877,18969,240,0.02546160095592477,0.024786238364783296,371.905329178,3123.773412637
2025-01-15,basic,0.23297195066240292,0.23680167759227877,18969,240,0.02546160095592477,0.024786238364783296,371.905329178,3123.773412637
2025-01-16,basic,0.23297195066240292,0.23680167759227877,18969,240,0.02546160095592477,0.024786238364783296,371.905329178,3123.773412637
2025-01-17,basic,0.23297195066240292,0.23680167759227877,18969,240,0.02546160095592477,0.024786238364783296,371.905329178,3123.773412637
2025-01-18,basic,0.23297195066240292,0.23680167759227877,18969,240,0.02546160095592477,0.024786238364783296,371.905329178,3123.773412637
2025-01-19,basic,0.23297195066240292,0.23680167759227877,18969,240,0.02546160095592477,0.024786238364783296,371.905329178,3123.773412637
2025-01-20,basic,0.23297195066240292,0.23680167759227877,18969,240,0.02546160095592477,0.024786238364783296,371.905329178,3123.773412637
2025-01-21,basic,0.23297195066240292,0.23680167759227877,18969,240,0.02546160095592477,0.024786238364783296,371.905329178,3123.773412637
2025-01-22,basic,0.23297195066240292,0.23680167759227877,18969,240,0.02546160095592477,0.024786238364783296,371.905329178,3123.773412637
2025-01-23,basic,0.23297195066240292,0.23680167759227877,18969,240,0.02546160095592477,0.024786238364783296,371.905329178,3123.773412637
2025-01-24,basic,0.23297195066240292,0.23680167759227877,18969,240,0.02546160095592477,0.024786238364783296,371.905329178,3123.773412637
2025-01-25,basic,0.23297195066240292,0.23680167759227877,18969,240,0.02546160095592477,0.024786238364783296,371.905329178,3123.773412637
2025-01-26,basic,0.23297195066240292,0.23680167759227877,18969,240,0.02546160095592477,0.024786238364783296,371.905329178,3123.773412637
2025-01-27,rev_1,0.23080526534078566,0.23521925717319359,19733,240,0.03886396887528341,0.038151370869866676,440.433122877,3123.773412637
2025-01-28,rev_1,0.23080526534078566,0.23521925717319359,19733,240,0.03886396887528341,0.038151370869866676,440.433122877,3123.773412637
2025-01-29,rev_1,0.23080526534078566,0.23521925717319359,19733,240,0.03886396887528341,0.038151370869866676,440.433122877,3123.773412637
2025-01-30,rev_1,0.23080526534078566,0.23521925717319359,19733,240,0.03886396887528341,0.038151370869866676,440.433122877,3123.773412637
2025-01-31,rev_1,0.23080526534078566,0.23521925717319359,19733,240,0.03886396887528341,0.038151370869866676,440.433122877,3123.773412637
2025-02-01,rev_2,0.23080526534078566,0.23521925717319359,19733,240,0.03886396887528341,0.038151370869866676,440.433122877,3123.773412637
2025-02-02,rev_2,0.23080526534078566,0.23521925717319359,19733,240,0.03886396887528341,0.038151370869866676,440.433122877,3123.773412637
2025-02-03,rev_2,0.23080526534078566,0.23521925717319359,19733,240,0.03886396887528341,0.038151370869866676,440.433122877,3123.773412637
2025-02-04,rev_3,0.23689116321389608,0.24172276533852313,19733,240,0.08593680613542704,0.08503729134922783,1320.297632393,3123.773412637
2025-02-05,rev_3,0.23689116321389608,0.24172276533852313,19733,240,0.08593680613542704,0.08503729134922783,1320.297632393,3123.773412637
2025-02-06,rev_3,0.23689116321389608,0.24172276533852313,19733,240,0.08593680613542704,0.08503729134922783,1320.297632393,3123.773412637
2025-02-07,rev_3,0.23689116321389608,0.24172276533852313,19733,240,0.08593680613542704,0.08503729134922783,1320.297632393,3123.773412637
2025-02-08,rev_3,0.23689116321389608,0.24172276533852313,19733,240,0.08593680613542704,0.08503729134922783,1320.297632393,3123.773412637
2025-02-09,rev_3,0.23689116321389608,0.24172276533852313,19733,240,0.08593680613542704,0.08503729134922783,1320.297632393,3123.773412637
2025-02-10,rev_3,0.23689116321389608,0.24172276533852313,19733,240,0.08593680613542704,0.08503729134922783,1320.297632393,3123.773412637
2025-02-11,rev_3,0.23689116321389608,0.24172276533852313,19733,240,0.08593680613542704,0.08503729134922783,1320.297632393,3123.773412637
2025-02-12,rev_3,0.23689116321389608,0.24172276533852313,19733,240,0.08593680613542704,0.08503729134922783,1320.297632393,3123.773412637
2025-02-13,rev_3,0.23689116321389608,0.24172276533852313,19733,240,0.08593680613542704,0.08503729134922783,1320.297632393,3123.773412637
2025-02-14,rev_3,0.23689116321389608,0.24172276533852313,19733,240,0.08593680613542704,0.08503729134922783,1320.297632393,3123.773412637
2025-02-15,rev_3,0.23689116321389608,0.24172276533852313,19733,240,0.08593680613542704,0.08503729134922783,1320.297632393,3123.773412637
2025-02-16,rev_3,0.23689116321389608,0.24172276533852313,19733,240,0.08593680613542704,0.08503729134922783,1320.297632393,3123.773412637
2025-02-17,rev_3,0.23689116321389608,0.24172276533852313,19733,240,0.08593680613542704,0.08503729134922783,1320.297632393,3123.773412637
2025-02-18,rev_3,0.23689116321389608,0.24172276533852313,19733,240,0.08593680613542704,0.08503729134922783,1320.297632393,3123.773412637
2025-02-19,rev_3,0.23689116321389608,0.24172276533852313,19733,240,0.08593680613542704,0.08503729134922783,1320.297632393,3123.773412637
2025-02-20,rev_3,0.23689116321389608,0.24172276533852313,19733,240,0.08593680613542704,0.08503729134922783,1320.297632393,3123.773412637
2025-02-21,rev_3,0.23689116321389608,0.24172276533852313,19733,240,0.08593680613542704,0.08503729134922783,1320.297632393,3123.773412637
2025-02-22,rev_3,0.23689116321389608,0.24172276533852313,19733,240,0.08593680613542704,0.08503729134922783,1320.297632393,3123.773412637
2025-02-23,rev_3,0.23689116321389608,0.24172276533852313,19733,240,0.08593680613542704,0.08503729134922783,1320.297632393,3123.773412637
2025-02-24,rev_3,0.23689116321389608,0.24172276533852313,19733,240,0.08593680613542704,0.08503729134922783,1320.297632393,3123.773412637
2025-02-25,rev_3,0.23689116321389608,0.24172276533852313,19733,240,0.08593680613542704,0.08503729134922783,1320.297632393,3123.773412637
2025-02-26,rev_3,0.23689116321389608,0.24172276533852313,19733,240,0.08593680613542704,0.08503729134922783,1320.297632393,3123.773412637
2025-02-27,rev_3,0.23689116321389608,0.24172276533852313,19733,240,0.08593680613542704,0.08503729134922783,1320.297632393,3123.773412637
2025-02-28,rev_3,0.23689116321389608,0.24172276533852313,19733,240,0.08593680613542704,0.08503729134922783,1320.297632393,3123.773412637
2025-03-01,rev_3,0.23689116321389608,0.24172276533852313,19733,240,0.08593680613542704,0.08503729134922783,1320.297632393,3123.773412637
2025-03-02,rev_3,0.23689116321389608,0.24172276533852313,19733,240,0.08593680613542704,0.08503729134922783,1320.297632393,3123.773412637
2025-03-03,rev_3,0.23689116321389608,0.24172276533852313,19733,240,0.08593680613542704,0.08503729134922783,1320.297632393,3123.773412637
2025-03-04,rev_4,0.22921772241492303,0.23412599287078895,19733,240,0.08729305747714919,0.08638805177448003,1363.621566465,3123.773412637
2025-03-05,rev_5,0.22921772241492303,0.2341280245937322,19733,240,0.08729537605283998,0.08638805177448003,1363.621566465,3123.773412637
2025-03-06,rev_5,0.22921772241492303,0.2341280245937322,19733,240,0.08729537605283998,0.08638805177448003,1363.621566465,3123.773412637
2025-03-07,rev_5,0.22921772241492303,0.2341280245937322,19733,240,0.08729537605283998,0.08638805177448003,1363.621566465,3123.773412637
2025-03-08,rev_5,0.22921772241492303,0.2341280245937322,19733,240,0.08729537605283998,0.08638805177448003,1363.621566465,3123.773412637
2025-03-09,rev_5,0.22921772241492303,0.2341280245937322,19733,240,0.08729537605283998,0.08638805177448003,1363.621566465,3123.773412637
2025-03-10,rev_5,0.22921772241492303,0.2341280245937322,19733,240,0.08729537605283998,0.08638805177448003,1363.621566465,3123.773412637
2025-03-11,rev_5,0.22921772241492303,0.2341280245937322,19733,240,0.08729537605283998,0.08638805177448003,1363.621566465,3123.773412637
2025-03-12,rev_6,0.23175167825220386,0.23630541039727795,19733,240,0.10145346546165766,0.10052184589703957,1538.606843345,3123.773412637
2025-03-13,rev_6,0.23175167825220386,0.23630541039727795,19733,240,0.10145346546165766,0.10052184589703957,1538.606843345,3123.773412637
2025-03-14,rev_6,0.23175167825220386,0.23630541039727795,19733,240,0.10145346546165766,0.10052184589703957,1538.606843345,3123.773412637
2025-03-15,rev_6,0.23175167825220386,0.23630541039727795,19733,240,0.10145346546165766,0.10052184589703957,1538.606843345,3123.773412637
2025-03-16,rev_6,0.23175167825220386,0.23630541039727795,19733,240,0.10145346546165766,0.10052184589703957,1538.606843345,3123.773412637
2025-03-17,rev_6,0.23175167825220386,0.23630541039727795,19733,240,0.10145346546165766,0.10052184589703957,1538.606843345,3123.773412637
2025-03-18,rev_6,0.23175167825220386,0.23630541039727795,19733,240,0.10145346546165766,0.10052184589703957,1538.606843345,3123.773412637
2025-03-19,rev_6,0.23175167825220386,0.23630541039727795,19733,240,0.10145346546165766,0.10052184589703957,1538.606843345,3123.773412637
2025-03-20,rev_6,0.23175167825220386,0.23630541039727795,19733,240,0.10145346546165766,0.10052184589703957,1538.606843345,3123.773412637
2025-03-21,rev_6,0.23175167825220386,0.23630541039727795,19733,240,0.10145346546165766,0.10052184589703957,1538.606843345,3123.773412637
2025-03-22,rev_6,0.23175167825220386,0.23630541039727795,19733,240,0.10145346546165766,0.10052184589703957,1538.606843345,3123.773412637
2025-03-23,rev_6,0.23175167825220386,0.23630541039727795,19733,240,0.10145346546165766,0.10052184589703957,1538.606843345,3123.773412637
2025-03-24,rev_6,0.23175167825220386,0.23630541039727795,19733,240,0.10145346546165766,0.10052184589703957,1538.606843345,3123.773412637
2025-03-25,rev_6,0.23175167825220386,0.23630541039727795,19733,240,0.10145346546165766,0.10052184589703957,1538.606843345,3123.773412637
2025-03-26,rev_6,0.23175167825220386,0.23630541039727795,19733,240,0.10145346546165766,0.10052184589703957,1538.606843345,3123.773412637
2025-03-27,rev_6,0.23175167825220386,0.23630541039727795,19733,240,0.10145346546165766,0.10052184589703957,1538.606843345,3123.773412637
2025-03-28,rev_6,0.23175167825220386,0.23630541039727795,19733,240,0.10145346546165766,0.10052184589703957,1538.606843345,3123.773412637
2025-03-29,rev_6,0.23175167825220386,0.23630541039727795,19733,240,0.10145346546165766,0.10052184589703957,1538.606843345,3123.773412637
2025-03-30,rev_6,0.23175167825220386,0.23630541039727795,19733,240,0.10145346546165766,0.10052184589703957,1538.606843345,3123.773412637
2025-03-31,rev_6,0.23175167825220386,0.23630541039727795,19733,240,0.10145346546165766,0.10052184589703957,1538.606843345,3123.773412637
2025-04-01,rev_6,0.23175167825220386,0.23630541039727795,19733,240,0.10145346546165766,0.10052184589703957,1538.606843345,3123.773412637
2025-04-02,rev_7,0.11933861097461711,0.1312479312652329,19733,240,0.1491465659198604,0.1470865632466106,2219.064300081,3123.773412637
2025-04-03,rev_8,0.12314185888939072,0.13505117918000653,19733,240,0.18474060533867162,0.18268060266542185,2219.064300081,3123.773412637
2025-04-04,rev_8,0.12314185888939072,0.13505117918000653,19733,240,0.18474060533867162,0.18268060266542185,2219.064300081,3123.773412637
2025-04-05,rev_9,0.12473922301359566,0.1366485433042114,19733,240,0.21390809755170342,0.2118480948784536,2219.064300081,3123.773412637
2025-04-06,rev_9,0.12473922301359566,0.1366485433042114,19733,240,0.21390809755170342,0.2118480948784536,2219.064300081,3123.773412637
2025-04-07,rev_9,0.12473922301359566,0.1366485433042114,19733,240,0.21390809755170342,0.2118480948784536,2219.064300081,3123.773412637
2025-04-08,rev_9,0.12473922301359566,0.1366485433042114,19733,240,0.21390809755170342,0.2118480948784536,2219.064300081,3123.773412637
2025-04-09,rev_10,0.12473922301359566,0.1366305602490893,19733,240,0.21390168375387156,0.2118480948784536,2219.064300081,3123.773412637
2025-04-10,rev_10,0.12473922301359566,0.1366305602490893,19733,240,0.21390168375387156,0.2118480948784536,2219.064300081,3123.773412637
2025-04-11,rev_11,0.12704437076095368,0.1389149196352065,19733,240,0.22273343718300254,0.2205958667894352,2296.625181084,3123.773412637
2025-04-12,rev_11,0.12704437076095368,0.1389149196352065,19733,240,0.22273343718300254,0.2205958667894352,2296.625181084,3123.773412637
2025-04-13,rev_11,0.12704437076095368,0.1389149196352065,19733,240,0.22273343718300254,0.2205958667894352,2296.625181084,3123.773412637
2025-04-14,rev_12,0.11847305962623644,0.13034360850048926,19733,240,0.14401175195667767,0.14187418156311032,2296.625181084,3123.773412637
2025-04-15,rev_12,0.11847305962623644,0.13034360850048926,19733,240,0.14401175195667767,0.14187418156311032,2296.625181084,3123.773412637
2025-04-16,rev_12,0.11847305962623644,0.13034360850048926,19733,240,0.14401175195667767,0.14187418156311032,2296.625181084,3123.773412637
2025-04-17,rev_12,0.11847305962623644,0.13034360850048926,19733,240,0.14401175195667767,0.14187418156311032,2296.625181084,3123.773412637
2025-04-18,rev_12,0.11847305962623644,0.13034360850048926,19733,240,0.14401175195667767,0.14187418156311032,2296.625181084,3123.773412637
2025-04-19,rev_12,0.11847305962623644,0.13034360850048926,19733,240,0.14401175195667767,0.14187418156311032,2296.625181084,3123.773412637
2025-04-20,rev_12,0.11847305962623644,0.13034360850048926,19733,240,0.14401175195667767,0.14187418156311032,2296.625181084,3123.773412637
2025-04-21,rev_12,0.11847305962623644,0.13034360850048926,19733,240,0.14401175195667767,0.14187418156311032,2296.625181084,3123.773412637
2025-04-22,rev_13,0.11847305962623644,0.13034360850048926,19733,240,0.14401175195667767,0.14187418156311032,2296.625181084,3123.773412637
2025-04-23,rev_13,0.11847305962623644,0.13034360850048926,19733,240,0.14401175195667767,0.14187418156311032,2296.625181084,3123.773412637
2025-04-24,rev_13,0.11847305962623644,0.13034360850048926,19733,240,0.14401175195667767,0.14187418156311032,2296.625181084,3123.773412637
2025-04-25,rev_13,0.11847305962623644,0.13034360850048926,19733,240,0.14401175195667767,0.14187418156311032,2296.625181084,3123.773412637
2025-04-26,rev_13,0.11847305962623644,0.13034360850048926,19733,240,0.14401175195667767,0.14187418156311032,2296.625181084,3123.773412637
2025-04-27,rev_13,0.11847305962623644,0.13034360850048926,19733,240,0.14401175195667767,0.14187418156311032,2296.625181084,3123.773412637
2025-04-28,rev_13,0.11847305962623644,0.13034360850048926,19733,240,0.14401175195667767,0.14187418156311032,2296.625181084,3123.773412637
2025-04-29,rev_13,0.11847305962623644,0.13034360850048926,19733,240,0.14401175195667767,0.14187418156311032,2296.625181084,3123.773412637
2025-04-30,rev_13,0.11847305962623644,0.13034360850048926,19733,240,0.14401175195667767,0.14187418156311032,2296.625181084,3123.773412637
2025-05-01,rev_13,0.11847305962623644,0.13034360850048926,19733,240,0.14401175195667767,0.14187418156311032,2296.625181084,3123.773412637
2025-05-02,rev_14,0.1374368668424256,0.1492895295982744,19733,240,0.15329764870445375,0.15116649210871827,2296.625181084,3123.773412637
2025-05-03,rev_14,0.1374368668424256,0.1492895295982744,19733,240,0.15329764870445375,0.15116649210871827,2296.625181084,3123.773412637
2025-05-04,rev_14,0.1374368668424256,0.1492895295982744,19733,240,0.15329764870445375,0.15116649210871827,2296.625181084,3123.773412637
2025-05-05,rev_14,0.1374368668424256,0.1492895295982744,19733,240,0.15329764870445375,0.15116649210871827,2296.625181084,3123.773412637
2025-05-06,rev_14,0.1374368668424256,0.1492895295982744,19733,240,0.15329764870445375,0.15116649210871827,2296.625181084,3123.773412637
2025-05-07,rev_14,0.1374368668424256,0.1492895295982744,19733,240,0.15329764870445375,0.15116649210871827,2296.625181084,3123.773412637
2025-05-08,rev_14,0.1374368668424256,0.1492895295982744,19733,240,0.15329764870445375,0.15116649210871827,2296.625181084,3123.773412637
2025-05-09,rev_14,0.1374368668424256,0.1492895295982744,19733,240,0.15329764870445375,0.15116649210871827,2296.625181084,3123.773412637
2025-05-10,rev_14,0.1374368668424256,0.1492895295982744,19733,240,0.15329764870445375,0.15116649210871827,2296.625181084,3123.773412637
2025-05-11,rev_14,0.1374368668424256,0.1492895295982744,19733,240,0.15329764870445375,0.15116649210871827,2296.625181084,3123.773412637
2025-05-12,rev_14,0.1374368668424256,0.1492895295982744,19733,240,0.15329764870445375,0.15116649210871827,2296.625181084,3123.773412637
2025-05-13,rev_14,0.1374368668424256,0.1492895295982744,19733,240,0.15329764870445375,0.15116649210871827,2296.625181084,3123.773412637
2025-05-14,rev_15,0.1374368668424256,0.1493074157166784,19733,240,0.15330406250228562,0.15116649210871827,2296.625181084,3123.773412637
2025-05-15,rev_15,0.1374368668424256,0.1493074157166784,19733,240,0.15330406250228562,0.15116649210871827,2296.625181084,3123.773412637
2025-05-16,rev_15,0.1374368668424256,0.1493074157166784,19733,240,0.15330406250228562,0.15116649210871827,2296.625181084,3123.773412637
2025-05-17,rev_15,0.1374368668424256,0.1493074157166784,19733,240,0.15330406250228562,0.15116649210871827,2296.625181084,3123.773412637
2025-05-18,rev_15,0.1374368668424256,0.1493074157166784,19733,240,0.15330406250228562,0.15116649210871827,2296.625181084,3123.773412637
2025-05-19,rev_15,0.1374368668424256,0.1493074157166784,19733,240,0.15330406250228562,0.15116649210871827,2296.625181084,3123.773412637
2025-05-20,rev_15,0.1374368668424256,0.1493074157166784,19733,240,0.15330406250228562,0.15116649210871827,2296.625181084,3123.773412637
2025-05-21,rev_15,0.1374368668424256,0.1493074157166784,19733,240,0.15330406250228562,0.15116649210871827,2296.625181084,3123.773412637
2025-05-22,rev_15,0.1374368668424256,0.1493074157166784,19733,240,0.15330406250228562,0.15116649210871827,2296.625181084,3123.773412637
2025-05-23,rev_15,0.1374368668424256,0.1493074157166784,19733,240,0.15330406250228562,0.15116649210871827,2296.625181084,3123.773412637
2025-05-24,rev_15,0.1374368668424256,0.1493074157166784,19733,240,0.15330406250228562,0.15116649210871827,2296.625181084,3123.773412637
2025-05-25,rev_15,0.1374368668424256,0.1493074157166784,19733,240,0.15330406250228562,0.15116649210871827,2296.625181084,3123.773412637
2025-05-26,rev_15,0.1374368668424256,0.1493074157166784,19733,240,0.15330406250228562,0.15116649210871827,2296.625181084,3123.773412637
2025-05-27,rev_15,0.1374368668424256,0.1493074157166784,19733,240,0.15330406250228562,0.15116649210871827,2296.625181084,3123.773412637
2025-05-28,rev_15,0.1374368668424256,0.1493074157166784,19733,240,0.15330406250228562,0.15116649210871827,2296.625181084,3123.773412637
2025-05-29,rev_15,0.1374368668424256,0.1493074157166784,19733,240,0.15330406250228562,0.15116649210871827,2296.625181084,3123.773412637
2025-05-30,rev_15,0.1374368668424256,0.1493074157166784,19733,240,0.15330406250228562,0.15116649210871827,2296.625181084,3123.773412637
2025-05-31,rev_15,0.1374368668424256,0.1493074157166784,19733,240,0.15330406250228562,0.15116649210871827,2296.625181084,3123.773412637
2025-06-01,rev_15,0.1374368668424256,0.1493074157166784,19733,240,0.15330406250228562,0.15116649210871827,2296.625181084,3123.773412637
2025-06-02,rev_15,0.1374368668424256,0.1493074157166784,19733,240,0.15330406250228562,0.15116649210871827,2296.625181084,3123.773412637
2025-06-03,rev_15,0.1374368668424256,0.1493074157166784,19733,240,0.15330406250228562,0.15116649210871827,2296.625181084,3123.773412637
2025-06-04,rev_15,0.1374368668424256,0.1493074157166784,19733,240,0.15330406250228562,0.15116649210871827,2296.625181084,3123.773412637
2025-06-05,rev_15,0.1374368668424256,0.1493074157166784,19733,240,0.15330406250228562,0.15116649210871827,2296.625181084,3123.773412637
2025-06-06,rev_16,0.13752785600260684,0.1494336194661534,19769,240,0.1510293716422709,0.14889225256955887,2270.872650344,3123.773412637
2025-06-07,rev_16,0.13752785600260684,0.1494336194661534,19769,240,0.1510293716422709,0.14889225256955887,2270.872650344,3123.773412637
2025-06-08,rev_16,0.13752785600260684,0.1494336194661534,19769,240,0.1510293716422709,0.14889225256955887,2270.872650344,3123.773412637
2025-06-09,rev_16,0.13752785600260684,0.1494336194661534,19769,240,0.1510293716422709,0.14889225256955887,2270.872650344,3123.773412637
2025-06-10,rev_16,0.13752785600260684,0.1494336194661534,19769,240,0.1510293716422709,0.14889225256955887,2270.872650344,3123.773412637
2025-06-11,rev_16,0.13752785600260684,0.1494336194661534,19769,240,0.1510293716422709,0.14889225256955887,2270.872650344,3123.773412637
2025-06-12,rev_16,0.13752785600260684,0.1494336194661534,19769,240,0.1510293716422709,0.14889225256955887,2270.872650344,3123.773412637
2025-06-13,rev_16,0.13752785600260684,0.1494336194661534,19769,240,0.1510293716422709,0.14889225256955887,2270.872650344,3123.773412637
2025-06-14,rev_16,0.13752785600260684,0.1494336194661534,19769,240,0.1510293716422709,0.14889225256955887,2270.872650344,3123.773412637
2025-06-15,rev_16,0.13752785600260684,0.1494336194661534,19769,240,0.1510293716422709,0.14889225256955887,2270.872650344,3123.773412637
2025-06-16,rev_16,0.13752785600260684,0.1494336194661534,19769,240,0.1510293716422709,0.14889225256955887,2270.872650344,3123.773412637
2025-06-17,rev_16,0.13752785600260684,0.1494336194661534,19769,240,0.1510293716422709,0.14889225256955887,2270.872650344,3123.773412637
2025-06-18,rev_16,0.13752785600260684,0.1494336194661534,19769,240,0.1510293716422709,0.14889225256955887,2270.872650344,3123.773412637
2025-06-19,rev_16,0.13752785600260684,0.1494336194661534,19769,240,0.1510293716422709,0.14889225256955887,2270.872650344,3123.773412637
2025-06-20,rev_16,0.13752785600260684,0.1494336194661534,19769,240,0.1510293716422709,0.14889225256955887,2270.872650344,3123.773412637
2025-06-21,rev_16,0.13752785600260684,0.1494336194661534,19769,240,0.1510293716422709,0.14889225256955887,2270.872650344,3123.773412637
2025-06-22,rev_16,0.13752785600260684,0.1494336194661534,19769,240,0.1510293716422709,0.14889225256955887,2270.872650344,3123.773412637
2025-06-23,rev_16,0.13752785600260684,0.1494336194661534,19769,240,0.1510293716422709,0.14889225256955887,2270.872650344,3123.773412637
2025-06-24,rev_16,0.13752785600260684,0.1494336194661534,19769,240,0.1510293716422709,0.14889225256955887,2270.872650344,3123.773412637
2025-06-25,rev_16,0.13752785600260684,0.1494336194661534,19769,240,0.1510293716422709,0.14889225256955887,2270.872650344,3123.773412637
2025-06-26,rev_16,0.13752785600260684,0.1494336194661534,19769,240,0.1510293716422709,0.14889225256955887,2270.872650344,3123.773412637
2025-06-27,rev_16,0.13752785600260684,0.1494336194661534,19769,240,0.1510293716422709,0.14889225256955887,2270.872650344,3123.773412637
2025-06-28,rev_16,0.13752785600260684,0.1494336194661534,19769,240,0.1510293716422709,0.14889225256955887,2270.872650344,3123.773412637
2025-06-29,rev_16,0.13752785600260684,0.1494336194661534,19769,240,0.1510293716422709,0.14889225256955887,2270.872650344,3123.773412637
2025-06-30,rev_16,0.13752785600260684,0.1494336194661534,19769,240,0.1510293716422709,0.14889225256955887,2270.872650344,3123.773412637
2025-07-01,rev_17,0.13802988705902047,0.14993637585167074,19768,240,0.15648618265064687,0.15434906357793485,2270.872650344,3123.773412637
2025-07-02,rev_17,0.13802988705902047,0.14993637585167074,19768,240,0.15648618265064687,0.15434906357793485,2270.872650344,3123.773412637
2025-07-03,rev_17,0.13802988705902047,0.14993637585167074,19768,240,0.15648618265064687,0.15434906357793485,2270.872650344,3123.773412637
2025-07-04,rev_17,0.13802988705902047,0.14993637585167074,19768,240,0.15648618265064687,0.15434906357793485,2270.872650344,3123.773412637
2025-07-05,rev_17,0.13802988705902047,0.14993637585167074,19768,240,0.15648618265064687,0.15434906357793485,2270.872650344,3123.773412637
2025-07-06,rev_17,0.13802988705902047,0.14993637585167074,19768,240,0.15648618265064687,0.15434906357793485,2270.872650344,3123.773412637
2025-07-07,rev_17,0.13802988705902047,0.14993637585167074,19768,240,0.15648618265064687,0.15434906357793485,2270.872650344,3123.773412637
2025-07-08,rev_17,0.13802988705902047,0.14993637585167074,19768,240,0.15648618265064687,0.15434906357793485,2270.872650344,3123.773412637
2025-07-09,rev_17,0.13802988705902047,0.14993637585167074,19768,240,0.15648618265064687,0.15434906357793485,2270.872650344,3123.773412637
2025-07-10,rev_17,0.13802988705902047,0.14993637585167074,19768,240,0.15648618265064687,0.15434906357793485,2270.872650344,3123.773412637
2025-07-11,rev_17,0.13802988705902047,0.14993637585167074,19768,240,0.15648618265064687,0.15434906357793485,2270.872650344,3123.773412637
2025-07-12,rev_17,0.13802988705902047,0.14993637585167074,19768,240,0.15648618265064687,0.15434906357793485,2270.872650344,3123.773412637
2025-07-13,rev_17,0.13802988705902047,0.14993637585167074,19768,240,0.15648618265064687,0.15434906357793485,2270.872650344,3123.773412637
2025-07-14,rev_17,0.13802988705902047,0.14993637585167074,19768,240,0.15648618265064687,0.15434906357793485,2270.872650344,3123.773412637
2025-07-15,rev_17,0.13802988705902047,0.14993637585167074,19768,240,0.15648618265064687,0.15434906357793485,2270.872650344,3123.773412637
2025-07-16,rev_17,0.13802988705902047,0.14993637585167074,19768,240,0.15648618265064687,0.15434906357793485,2270.872650344,3123.773412637
2025-07-17,rev_17,0.13802988705902047,0.14993637585167074,19768,240,0.15648618265064687,0.15434906357793485,2270.872650344,3123.773412637
2025-07-18,rev_17,0.13802988705902047,0.14993637585167074,19768,240,0.15648618265064687,0.15434906357793485,2270.872650344,3123.773412637
2025-07-19,rev_17,0.13802988705902047,0.14993637585167074,19768,240,0.15648618265064687,0.15434906357793485,2270.872650344,3123.773412637
2025-07-20,rev_17,0.13802988705902047,0.14993637585167074,19768,240,0.15648618265064687,0.15434906357793485,2270.872650344,3123.773412637
2025-07-21,rev_17,0.13802988705902047,0.14993637585167074,19768,240,0.15648618265064687,0.15434906357793485,2270.872650344,3123.773412637
2025-07-22,rev_17,0.13802988705902047,0.14993637585167074,19768,240,0.15648618265064687,0.15434906357793485,2270.872650344,3123.773412637
2025-07-23,rev_17,0.13802988705902047,0.14993637585167074,19768,240,0.15648618265064687,0.15434906357793485,2270.872650344,3123.773412637
2025-07-24,rev_17,0.13802988705902047,0.14993637585167074,19768,240,0.15648618265064687,0.15434906357793485,2270.872650344,3123.773412637
2025-07-25,rev_17,0.13802988705902047,0.14993637585167074,19768,240,0.15648618265064687,0.15434906357793485,2270.872650344,3123.773412637
2025-07-26,rev_17,0.13802988705902047,0.14993637585167074,19768,240,0.15648618265064687,0.15434906357793485,2270.872650344,3123.773412637
2025-07-27,rev_17,0.13802988705902047,0.14993637585167074,19768,240,0.15648618265064687,0.15434906357793485,2270.872650344,3123.773412637
2025-07-28,rev_17,0.13802988705902047,0.14993637585167074,19768,240,0.15648618265064687,0.15434906357793485,2270.872650344,3123.773412637
2025-07-29,rev_17,0.13802988705902047,0.14993637585167074,19768,240,0.15648618265064687,0.15434906357793485,2270.872650344,3123.773412637
2025-07-30,rev_17,0.13802988705902047,0.14993637585167074,19768,240,0.15648618265064687,0.15434906357793485,2270.872650344,3123.773412637
2025-07-31,rev_17,0.13802988705902047,0.14993637585167074,19768,240,0.15648618265064687,0.15434906357793485,2270.872650344,3123.773412637
2025-08-01,rev_17,0.13802988705902047,0.14993637585167074,19768,240,0.15648618265064687,0.15434906357793485,2270.872650344,3123.773412637
2025-08-02,rev_17,0.13802988705902047,0.14993637585167074,19768,240,0.15648618265064687,0.15434906357793485,2270.872650344,3123.773412637
2025-08-03,rev_17,0.13802988705902047,0.14993637585167074,19768,240,0.15648618265064687,0.15434906357793485,2270.872650344,3123.773412637
2025-08-04,rev_17,0.13802988705902047,0.14993637585167074,19768,240,0.15648618265064687,0.15434906357793485,2270.872650344,3123.773412637
2025-08-05,rev_17,0.13802988705902047,0.14993637585167074,19768,240,0.15648618265064687,0.15434906357793485,2270.872650344,3123.773412637
2025-08-06,rev_17,0.13802988705902047,0.14993637585167074,19768,240,0.15648618265064687,0.15434906357793485,2270.872650344,3123.773412637
2025-08-07,rev_18,0.1651824139283931,0.17679675974674633,19768,240,0.17086228166591252,0.16878416739410662,2269.786824071,3123.773412637
2025-08-08,rev_18,0.1651824139283931,0.17679675974674633,19768,240,0.17086228166591252,0.16878416739410662,2269.786824071,3123.773412637
2025-08-09,rev_18,0.1651824139283931,0.17679675974674633,19768,240,0.17086228166591252,0.16878416739410662,2269.786824071,3123.773412637
2025-08-10,rev_18,0.1651824139283931,0.17679675974674633,19768,240,0.17086228166591252,0.16878416739410662,2269.786824071,3123.773412637
2025-08-11,rev_18,0.1651824139283931,0.17679675974674633,19768,240,0.17086228166591252,0.16878416739410662,2269.786824071,3123.773412637
2025-08-12,rev_19,0.1651824139283931,0.17679675974674633,19768,240,0.17086228166591252,0.16878416739410662,2269.786824071,3123.773412637
2025-08-13,rev_19,0.1651824139283931,0.17679675974674633,19768,240,0.17086228166591252,0.16878416739410662,2269.786824071,3123.773412637
2025-08-14,rev_19,0.1651824139283931,0.17679675974674633,19768,240,0.17086228166591252,0.16878416739410662,2269.786824071,3123.773412637
2025-08-15,rev_19,0.1651824139283931,0.17679675974674633,19768,240,0.17086228166591252,0.16878416739410662,2269.786824071,3123.773412637
2025-08-16,rev_19,0.1651824139283931,0.17679675974674633,19768,240,0.17086228166591252,0.16878416739410662,2269.786824071,3123.773412637
2025-08-17,rev_19,0.1651824139283931,0.17679675974674633,19768,240,0.17086228166591252,0.16878416739410662,2269.786824071,3123.773412637
2025-08-18,rev_19,0.1651824139283931,0.17679675974674633,19768,240,0.17086228166591252,0.16878416739410662,2269.786824071,3123.773412637
2025-08-19,rev_19,0.1651824139283931,0.17679675974674633,19768,240,0.17086228166591252,0.16878416739410662,2269.786824071,3123.773412637
2025-08-20,rev_20,0.16611506338624135,0.17772940920459468,19768,240,0.1734991560653814,0.17142104179357548,2269.786824071,3123.773412637
2025-08-21,rev_20,0.16611506338624135,0.17772940920459468,19768,240,0.1734991560653814,0.17142104179357548,2269.786824071,3123.773412637
2025-08-22,rev_20,0.16611506338624135,0.17772940920459468,19768,240,0.1734991560653814,0.17142104179357548,2269.786824071,3123.773412637
2025-08-23,rev_20,0.16611506338624135,0.17772940920459468,19768,240,0.1734991560653814,0.17142104179357548,2269.786824071,3123.773412637
2025-08-24,rev_20,0.16611506338624135,0.17772940920459468,19768,240,0.1734991560653814,0.17142104179357548,2269.786824071,3123.773412637
2025-08-25,rev_20,0.16611506338624135,0.17772940920459468,19768,240,0.1734991560653814,0.17142104179357548,2269.786824071,3123.773412637
2025-08-26,rev_20,0.16611506338624135,0.17772940920459468,19768,240,0.1734991560653814,0.17142104179357548,2269.786824071,3123.773412637
2025-08-27,rev_20,0.16611506338624135,0.17772940920459468,19768,240,0.1734991560653814,0.17142104179357548,2269.786824071,3123.773412637
2025-08-28,rev_21,0.16611506338624135,0.17772940920459468,19768,240,0.1734991560653814,0.17142104179357548,2269.786824071,3123.773412637
2025-08-29,rev_21,0.16611506338624135,0.17772940920459468,19768,240,0.1734991560653814,0.17142104179357548,2269.786824071,3123.773412637
2025-08-30,rev_21,0.16611506338624135,0.17772940920459468,19768,240,0.1734991560653814,0.17142104179357548,2269.786824071,3123.773412637
2025-08-31,rev_21,0.16611506338624135,0.17772940920459468,19768,240,0.1734991560653814,0.17142104179357548,2269.786824071,3123.773412637
2025-09-01,rev_21,0.16611506338624135,0.17772940920459468,19768,240,0.1734991560653814,0.17142104179357548,2269.786824071,3123.773412637
2025-09-02,rev_21,0.16611506338624135,0.17772940920459468,19768,240,0.1734991560653814,0.17142104179357548,2269.786824071,3123.773412637
2025-09-03,rev_22,0.16611506338624135,0.17772940920459468,19768,240,0.1734991560653814,0.17142104179357548,2269.786824071,3123.773412637
2025-09-04,rev_22,0.16611506338624135,0.17772940920459468,19768,240,0.1734991560653814,0.17142104179357548,2269.786824071,3123.773412637
2025-09-05,rev_22,0.16611506338624135,0.17772940920459468,19768,240,0.1734991560653814,0.17142104179357548,2269.786824071,3123.773412637
2025-09-06,rev_22,0.16611506338624135,0.17772940920459468,19768,240,0.1734991560653814,0.17142104179357548,2269.786824071,3123.773412637
2025-09-07,rev_22,0.16611506338624135,0.17772940920459468,19768,240,0.1734991560653814,0.17142104179357548,2269.786824071,3123.773412637
2025-09-08,rev_22,0.16611506338624135,0.17772940920459468,19768,240,0.1734991560653814,0.17142104179357548,2269.786824071,3123.773412637
2025-09-09,rev_22,0.16611506338624135,0.17772940920459468,19768,240,0.1734991560653814,0.17142104179357548,2269.786824071,3123.773412637
2025-09-10,rev_22,0.16611506338624135,0.17772940920459468,19768,240,0.1734991560653814,0.17142104179357548,2269.786824071,3123.773412637
2025-09-11,rev_22,0.16611506338624135,0.17772940920459468,19768,240,0.1734991560653814,0.17142104179357548,2269.786824071,3123.773412637
2025-09-12,rev_23,0.16610342338516373,0.17771841961750143,19768,240,0.17192803236800808,0.16984984539601197,2269.995164057,3123.773412637
2025-09-13,rev_23,0.16610342338516373,0.17771841961750143,19768,240,0.17192803236800808,0.16984984539601197,2269.995164057,3123.773412637
2025-09-14,rev_23,0.16610342338516373,0.17771841961750143,19768,240,0.17192803236800808,0.16984984539601197,2269.995164057,3123.773412637
2025-09-15,rev_23,0.16610342338516373,0.17771841961750143,19768,240,0.17192803236800808,0.16984984539601197,2269.995164057,3123.773412637
2025-09-16,rev_23,0.16610342338516373,0.17771841961750143,19768,240,0.17192803236800808,0.16984984539601197,2269.995164057,3123.773412637
2025-09-17,rev_23,0.16610342338516373,0.17771841961750143,19768,240,0.17192803236800808,0.16984984539601197,2269.995164057,3123.773412637
2025-09-18,rev_23,0.16610342338516373,0.17771841961750143,19768,240,0.17192803236800808,0.16984984539601197,2269.995164057,3123.773412637
2025-09-19,rev_24,0.16584559844009725,0.17745998634229318,19768,240,0.16988563707541104,0.16780752195894869,2269.830889835,3123.773412637
2025-09-20,rev_24,0.16584559844009725,0.17745998634229318,19768,240,0.16988563707541104,0.16780752195894869,2269.830889835,3123.773412637
2025-09-21,rev_24,0.16584559844009725,0.17745998634229318,19768,240,0.16988563707541104,0.16780752195894869,2269.830889835,3123.773412637
2025-09-22,rev_24,0.16584559844009725,0.17745998634229318,19768,240,0.16988563707541104,0.16780752195894869,2269.830889835,3123.773412637
2025-09-23,rev_24,0.16584559844009725,0.17745998634229318,19768,240,0.16988563707541104,0.16780752195894869,2269.830889835,3123.773412637
2025-09-24,rev_24,0.16584559844009725,0.17745998634229318,19768,240,0.16988563707541104,0.16780752195894869,2269.830889835,3123.773412637
2025-09-25,rev_24,0.16584559844009725,0.17745998634229318,19768,240,0.16988563707541104,0.16780752195894869,2269.830889835,3123.773412637
2025-09-26,rev_25,0.16569739623169322,0.1773117841338893,19768,240,0.1695037758372289,0.16742566072076653,2269.830889835,3123.773412637
2025-09-27,rev_25,0.16569739623169322,0.1773117841338893,19768,240,0.1695037758372289,0.16742566072076653,2269.830889835,3123.773412637
2025-09-28,rev_25,0.16569739623169322,0.1773117841338893,19768,240,0.1695037758372289,0.16742566072076653,2269.830889835,3123.773412637
2025-09-29,rev_25,0.16569739623169322,0.1773117841338893,19768,240,0.1695037758372289,0.16742566072076653,2269.830889835,3123.773412637
2025-09-30,rev_25,0.16569739623169322,0.1773117841338893,19768,240,0.1695037758372289,0.16742566072076653,2269.830889835,3123.773412637
2025-10-01,rev_25,0.16569739623169322,0.1773117841338893,19768,240,0.1695037758372289,0.16742566072076653,2269.830889835,3123.773412637
2025-10-02,rev_25,0.16569739623169322,0.1773117841338893,19768,240,0.1695037758372289,0.16742566072076653,2269.830889835,3123.773412637
2025-10-03,rev_25,0.16569739623169322,0.1773117841338893,19768,240,0.1695037758372289,0.16742566072076653,2269.830889835,3123.773412637
2025-10-04,rev_25,0.16569739623169322,0.1773117841338893,19768,240,0.1695037758372289,0.16742566072076653,2269.830889835,3123.773412637
2025-10-05,rev_25,0.16569739623169322,0.1773117841338893,19768,240,0.1695037758372289,0.16742566072076653,2269.830889835,3123.773412637
2025-10-06,rev_26,0.16617588760482654,0.1777949524000939,19768,240,0.16962861601320345,0.16754806551326978,2269.987071853,3123.773412637
2025-10-07,rev_26,0.16617588760482654,0.1777949524000939,19768,240,0.16962861601320345,0.16754806551326978,2269.987071853,3123.773412637
2025-10-08,rev_26,0.16617588760482654,0.1777949524000939,19768,240,0.16962861601320345,0.16754806551326978,2269.987071853,3123.773412637
2025-10-09,rev_26,0.16617588760482654,0.1777949524000939,19768,240,0.16962861601320345,0.16754806551326978,2269.987071853,3123.773412637
2025-10-10,rev_26,0.16617588760482654,0.1777949524000939,19768,240,0.16962861601320345,0.16754806551326978,2269.987071853,3123.773412637
2025-10-11,rev_26,0.16617588760482654,0.1777949524000939,19768,240,0.16962861601320345,0.16754806551326978,2269.987071853,3123.773412637
2025-10-12,rev_26,0.16617588760482654,0.1777949524000939,19768,240,0.16962861601320345,0.16754806551326978,2269.987071853,3123.773412637
2025-10-13,rev_26,0.16617588760482654,0.1777949524000939,19768,240,0.16962861601320345,0.16754806551326978,2269.987071853,3123.773412637
2025-10-14,rev_26,0.16617588760482654,0.1777949524000939,19768,240,0.16962861601320345,0.16754806551326978,2269.987071853,3123.773412637
2025-10-15,rev_27,0.165217809003142,0.1768368737984094,19768,240,0.15632323883121751,0.15424268833128388,2269.987071853,3123.773412637
2025-10-16,rev_27,0.165217809003142,0.1768368737984094,19768,240,0.15632323883121751,0.15424268833128388,2269.987071853,3123.773412637
2025-10-17,rev_27,0.165217809003142,0.1768368737984094,19768,240,0.15632323883121751,0.15424268833128388,2269.987071853,3123.773412637
2025-10-18,rev_27,0.165217809003142,0.1768368737984094,19768,240,0.15632323883121751,0.15424268833128388,2269.987071853,3123.773412637
2025-10-19,rev_27,0.165217809003142,0.1768368737984094,19768,240,0.15632323883121751,0.15424268833128388,2269.987071853,3123.773412637
2025-10-20,rev_27,0.165217809003142,0.1768368737984094,19768,240,0.15632323883121751,0.15424268833128388,2269.987071853,3123.773412637
2025-10-21,rev_27,0.165217809003142,0.1768368737984094,19768,240,0.15632323883121751,0.15424268833128388,2269.987071853,3123.773412637
2025-10-22,rev_28,0.165217809003142,0.1768368737984094,19768,240,0.15632323883121751,0.15424268833128388,2269.987071853,3123.773412637
2025-10-23,rev_28,0.165217809003142,0.1768368737984094,19768,240,0.15632323883121751,0.15424268833128388,2269.987071853,3123.773412637
2025-10-24,rev_28,0.165217809003142,0.1768368737984094,19768,240,0.15632323883121751,0.15424268833128388,2269.987071853,3123.773412637
2025-10-25,rev_28,0.165217809003142,0.1768368737984094,19768,240,0.15632323883121751,0.15424268833128388,2269.987071853,3123.773412637
2025-10-26,rev_28,0.165217809003142,0.1768368737984094,19768,240,0.15632323883121751,0.15424268833128388,2269.987071853,3123.773412637
2025-10-27,rev_28,0.165217809003142,0.1768368737984094,19768,240,0.15632323883121751,0.15424268833128388,2269.987071853,3123.773412637
2025-10-28,rev_28,0.165217809003142,0.1768368737984094,19768,240,0.15632323883121751,0.15424268833128388,2269.987071853,3123.773412637
2025-10-29,rev_28,0.165217809003142,0.1768368737984094,19768,240,0.15632323883121751,0.15424268833128388,2269.987071853,3123.773412637
2025-10-30,rev_28,0.165217809003142,0.1768368737984094,19768,240,0.15632323883121751,0.15424268833128388,2269.987071853,3123.773412637
2025-10-31,rev_29,0.165217809003142,0.1768368737984094,19768,240,0.15632323883121751,0.15424268833128388,2269.987071853,3123.773412637
2025-11-01,rev_29,0.165217809003142,0.1768368737984094,19768,240,0.15632323883121751,0.15424268833128388,2269.987071853,3123.773412637
2025-11-02,rev_29,0.165217809003142,0.1768368737984094,19768,240,0.15632323883121751,0.15424268833128388,2269.987071853,3123.773412637
2025-11-03,rev_29,0.165217809003142,0.1768368737984094,19768,240,0.15632323883121751,0.15424268833128388,2269.987071853,3123.773412637
2025-11-04,rev_29,0.165217809003142,0.1768368737984094,19768,240,0.15632323883121751,0.15424268833128388,2269.987071853,3123.773412637
2025-11-05,rev_30,0.165217809003142,0.1768368737984094,19768,240,0.15632323883121751,0.15424268833128388,2269.987071853,3123.773412637
2025-11-06,rev_30,0.165217809003142,0.1768368737984094,19768,240,0.15632323883121751,0.15424268833128388,2269.987071853,3123.773412637
2025-11-07,rev_30,0.165217809003142,0.1768368737984094,19768,240,0.15632323883121751,0.15424268833128388,2269.987071853,3123.773412637
2025-11-08,rev_30,0.165217809003142,0.1768368737984094,19768,240,0.15632323883121751,0.15424268833128388,2269.987071853,3123.773412637
2025-11-09,rev_30,0.165217809003142,0.1768368737984094,19768,240,0.15632323883121751,0.15424268833128388,2269.987071853,3123.773412637
2025-11-10,rev_30,0.165217809003142,0.1768368737984094,19768,240,0.15632323883121751,0.15424268833128388,2269.987071853,3123.773412637
2025-11-11,rev_30,0.165217809003142,0.1768368737984094,19768,240,0.15632323883121751,0.15424268833128388,2269.987071853,3123.773412637
2025-11-12,rev_31,0.165217809003142,0.1768368737984094,19768,240,0.15632323883121751,0.15424268833128388,2269.987071853,3123.773412637
2025-11-13,rev_31,0.165217809003142,0.1768368737984094,19768,240,0.15632323883121751,0.15424268833128388,2269.987071853,3123.773412637
2025-11-14,rev_31,0.165217809003142,0.1768368737984094,19768,240,0.15632323883121751,0.15424268833128388,2269.987071853,3123.773412637
2025-11-15,rev_32,0.16424081545498623,0.17583973248144863,19768,240,0.1540949776944924,0.1520147362686269,2269.961147856,3123.773412637
2025-11-16,rev_32,0.16424081545498623,0.17583973248144863,19768,240,0.1540949776944924,0.1520147362686269,2269.961147856,3123.773412637
2025-11-17,rev_32,0.16424081545498623,0.17583973248144863,19768,240,0.1540949776944924,0.1520147362686269,2269.961147856,3123.773412637
2025-11-18,rev_32,0.16424081545498623,0.17583973248144863,19768,240,0.1540949776944924,0.1520147362686269,2269.961147856,3123.773412637
2025-11-19,rev_32,0.16424081545498623,0.17583973248144863,19768,240,0.1540949776944924,0.1520147362686269,2269.961147856,3123.773412637
2025-11-20,rev_32,0.16424081545498623,0.17583973248144863,19768,240,0.1540949776944924,0.1520147362686269,2269.961147856,3123.773412637
2025-11-21,rev_32,0.16424081545498623,0.17583973248144863,19768,240,0.1540949776944924,0.1520147362686269,2269.961147856,3123.773412637
2025-11-22,rev_32,0.16424081545498623,0.17583973248144863,19768,240,0.1540949776944924,0.1520147362686269,2269.961147856,3123.773412637
2025-11-23,rev_32,0.16424081545498623,0.17583973248144863,19768,240,0.1540949776944924,0.1520147362686269,2269.961147856,3123.773412637
2025-11-24,rev_32,0.16424081545498623,0.17583973248144863,19768,240,0.1540949776944924,0.1520147362686269,2269.961147856,3123.773412637
2025-11-25,rev_32,0.16424081545498623,0.17583973248144863,19768,240,0.1540949776944924,0.1520147362686269,2269.961147856,3123.773412637
2025-11-26,rev_32,0.16424081545498623,0.17583973248144863,19768,240,0.1540949776944924,0.1520147362686269,2269.961147856,3123.773412637
2025-11-27,rev_32,0.16424081545498623,0.17583973248144863,19768,240,0.1540949776944924,0.1520147362686269,2269.961147856,3123.773412637
2025-11-28,rev_32,0.16424081545498623,0.17583973248144863,19768,240,0.1540949776944924,0.1520147362686269,2269.961147856,3123.773412637
2025-11-29,rev_32,0.16424081545498623,0.17583973248144863,19768,240,0.1540949776944924,0.1520147362686269,2269.961147856,3123.773412637
2025-11-30,rev_32,0.16424081545498623,0.17583973248144863,19768,240,0.1540949776944924,0.1520147362686269,2269.961147856,3123.773412637
2025-12-01,rev_32,0.16424081545498623,0.17583973248144863,19768,240,0.1540949776944924,0.1520147362686269,2269.961147856,3123.773412637
2025-12-02,rev_32,0.16424081545498623,0.17583973248144863,19768,240,0.1540949776944924,0.1520147362686269,2269.961147856,3123.773412637
2025-12-03,rev_32,0.16424081545498623,0.17583973248144863,19768,240,0.1540949776944924,0.1520147362686269,2269.961147856,3123.773412637
2025-12-04,rev_32,0.16424081545498623,0.17583973248144863,19768,240,0.1540949776944924,0.1520147362686269,2269.961147856,3123.773412637
2025-12-05,rev_32,0.16424081545498623,0.17583973248144863,19768,240,0.1540949776944924,0.1520147362686269,2269.961147856,3123.773412637
2025-12-06,rev_32,0.16424081545498623,0.17583973248144863,19768,240,0.1540949776944924,0.1520147362686269,2269.961147856,3123.773412637
2025-12-07,rev_32,0.16424081545498623,0.17583973248144863,19768,240,0.1540949776944924,0.1520147362686269,2269.961147856,3123.773412637
2025-12-08,rev_32,0.16424081545498623,0.17583973248144863,19768,240,0.1540949776944924,0.1520147362686269,2269.961147856,3123.773412637
2025-12-09,rev_32,0.16424081545498623,0.17583973248144863,19768,240,0.1540949776944924,0.1520147362686269,2269.961147856,3123.773412637
2025-12-10,rev_32,0.16424081545498623,0.17583973248144863,19768,240,0.1540949776944924,0.1520147362686269,2269.961147856,3123.773412637
2025-12-11,rev_32,0.16424081545498623,0.17583973248144863,19768,240,0.1540949776944924,0.1520147362686269,2269.961147856,3123.773412637
2025-12-12,rev_32,0.16424081545498623,0.17583973248144863,19768,240,0.1540949776944924,0.1520147362686269,2269.961147856,3123.773412637
2025-12-13,rev_32,0.16424081545498623,0.17583973248144863,19768,240,0.1540949776944924,0.1520147362686269,2269.961147856,3123.773412637
2025-12-14,rev_32,0.16424081545498623,0.17583973248144863,19768,240,0.1540949776944924,0.1520147362686269,2269.961147856,3123.773412637
2025-12-15,rev_32,0.16424081545498623,0.17583973248144863,19768,240,0.1540949776944924,0.1520147362686269,2269.961147856,3123.773412637
2025-12-16,rev_32,0.16424081545498623,0.17583973248144863,19768,240,0.1540949776944924,0.1520147362686269,2269.961147856,3123.773412637
2025-12-17,rev_32,0.16424081545498623,0.17583973248144863,19768,240,0.1540949776944924,0.1520147362686269,2269.961147856,3123.773412637
2025-12-18,rev_32,0.16424081545498623,0.17583973248144863,19768,240,0.1540949776944924,0.1520147362686269,2269.961147856,3123.773412637
2025-12-19,rev_32,0.16424081545498623,0.17583973248144863,19768,240,0.1540949776944924,0.1520147362686269,2269.961147856,3123.773412637
2025-12-20,rev_32,0.16424081545498623,0.17583973248144863,19768,240,0.1540949776944924,0.1520147362686269,2269.961147856,3123.773412637
2025-12-21,rev_32,0.16424081545498623,0.17583973248144863,19768,240,0.1540949776944924,0.1520147362686269,2269.961147856,3123.773412637
2025-12-22,rev_32,0.16424081545498623,0.17583973248144863,19768,240,0.1540949776944924,0.1520147362686269,2269.961147856,3123.773412637
2025-12-23,rev_32,0.16424081545498623,0.17583973248144863,19768,240,0.1540949776944924,0.1520147362686269,2269.961147856,3123.773412637
2025-12-24,rev_32,0.16424081545498623,0.17583973248144863,19768,240,0.1540949776944924,0.1520147362686269,2269.961147856,3123.773412637
2025-12-25,rev_32,0.16424081545498623,0.17583973248144863,19768,240,0.1540949776944924,0.1520147362686269,2269.961147856,3123.773412637
2025-12-26,rev_32,0.16424081545498623,0.17583973248144863,19768,240,0.1540949776944924,0.1520147362686269,2269.961147856,3123.773412637
2025-12-27,rev_32,0.16424081545498623,0.17583973248144863,19768,240,0.1540949776944924,0.1520147362686269,2269.961147856,3123.773412637
2025-12-28,rev_32,0.16424081545498623,0.17583973248144863,19768,240,0.1540949776944924,0.1520147362686269,2269.961147856,3123.773412637
2025-12-29,rev_32,0.16424081545498623,0.17583973248144863,19768,240,0.1540949776944924,0.1520147362686269,2269.961147856,3123.773412637
2025-12-30,rev_32,0.16424081545498623,0.17583973248144863,19768,240,0.1540949776944924,0.1520147362686269,2269.961147856,3123.773412637
2025-12-31,rev_32,0.16424081545498623,0.17583973248144863,19768,240,0.1540949776944924,0.1520147362686269,2269.961147856,3123.773412637
2026-01-01,2026_basic,0.16424098622268055,0.17583984929886576,19768,240,0.1540938476657006,0.15201360708449155,2269.937614819,3123.773412637
2026-01-02,2026_basic,0.16424098622268055,0.17583984929886576,19768,240,0.1540938476657006,0.15201360708449155,2269.937614819,3123.773412637
2026-01-03,2026_basic,0.16424098622268055,0.17583984929886576,19768,240,0.1540938476657006,0.15201360708449155,2269.937614819,3123.773412637
2026-01-04,2026_basic,0.16424098622268055,0.17583984929886576,19768,240,0.1540938476657006,0.15201360708449155,2269.937614819,3123.773412637
2026-01-05,2026_basic,0.16424098622268055,0.17583984929886576,19768,240,0.1540938476657006,0.15201360708449155,2269.937614819,3123.773412637
2026-01-06,2026_basic,0.16424098622268055,0.17583984929886576,19768,240,0.1540938476657006,0.15201360708449155,2269.937614819,3123.773412637
2026-01-07,2026_basic,0.16424098622268055,0.17583984929886576,19768,240,0.1540938476657006,0.15201360708449155,2269.937614819,3123.773412637
2026-01-08,2026_basic,0.16424098622268055,0.17583984929886576,19768,240,0.1540938476657006,0.15201360708449155,2269.937614819,3123.773412637
2026-01-09,2026_basic,0.16424098622268055,0.17583984929886576,19768,240,0.1540938476657006,0.15201360708449155,2269.937614819,3123.773412637
2026-01-10,2026_basic,0.16424098622268055,0.17583984929886576,19768,240,0.1540938476657006,0.15201360708449155,2269.937614819,3123.773412637
2026-01-11,2026_basic,0.16424098622268055,0.17583984929886576,19768,240,0.1540938476657006,0.15201360708449155,2269.937614819,3123.773412637
2026-01-12,2026_basic,0.16424098622268055,0.17583984929886576,19768,240,0.1540938476657006,0.15201360708449155,2269.937614819,3123.773412637
2026-01-13,2026_basic,0.16424098622268055,0.17583984929886576,19768,240,0.1540938476657006,0.15201360708449155,2269.937614819,3123.773412637
2026-01-14,2026_basic,0.16424098622268055,0.17583984929886576,19768,240,0.1540938476657006,0.15201360708449155,2269.937614819,3123.773412637
2026-01-15,2026_basic,0.16424098622268055,0.17583984929886576,19768,240,0.1540938476657006,0.15201360708449155,2269.937614819,3123.773412637
2026-01-16,2026_rev_1,0.16424098622268055,0.17583984929886576,19768,240,0.1540938476657006,0.15201360708449155,2269.937614819,3123.773412637
2026-01-17,2026_rev_1,0.16424098622268055,0.17583984929886576,19768,240,0.1540938476657006,0.15201360708449155,2269.937614819,3123.773412637
2026-01-18,2026_rev_1,0.16424098622268055,0.17583984929886576,19768,240,0.1540938476657006,0.15201360708449155,2269.937614819,3123.773412637
2026-01-19,2026_rev_1,0.16424098622268055,0.17583984929886576,19768,240,0.1540938476657006,0.15201360708449155,2269.937614819,3123.773412637
2026-01-20,2026_rev_1,0.16424098622268055,0.17583984929886576,19768,240,0.1540938476657006,0.15201360708449155,2269.937614819,3123.773412637
2026-01-21,2026_rev_1,0.16424098622268055,0.17583984929886576,19768,240,0.1540938476657006,0.15201360708449155,2269.937614819,3123.773412637
2026-01-22,2026_rev_1,0.16424098622268055,0.17583984929886576,19768,240,0.1540938476657006,0.15201360708449155,2269.937614819,3123.773412637
2026-01-23,2026_rev_1,0.16424098622268055,0.17583984929886576,19768,240,0.1540938476657006,0.15201360708449155,2269.937614819,3123.773412637
2026-01-24,2026_rev_1,0.16424098622268055,0.17583984929886576,19768,240,0.1540938476657006,0.15201360708449155,2269.937614819,3123.773412637
2026-01-25,2026_rev_1,0.16424098622268055,0.17583984929886576,19768,240,0.1540938476657006,0.15201360708449155,2269.937614819,3123.773412637
2026-01-26,2026_rev_1,0.16424098622268055,0.17583984929886576,19768,240,0.1540938476657006,0.15201360708449155,2269.937614819,3123.773412637
2026-01-27,2026_rev_1,0.16424098622268055,0.17583984929886576,19768,240,0.1540938476657006,0.15201360708449155,2269.937614819,3123.773412637
2026-01-28,2026_rev_1,0.16424098622268055,0.17583984929886576,19768,240,0.1540938476657006,0.15201360708449155,2269.937614819,3123.773412637
2026-01-29,2026_rev_1,0.16424098622268055,0.17583984929886576,19768,240,0.1540938476657006,0.15201360708449155,2269.937614819,3123.773412637
2026-01-30,2026_rev_2,0.16424487381585287,0.17579457092760759,19855,240,0.14939569871599317,0.147324019601761,2230.369379467,3123.773412637
2026-01-31,2026_rev_2,0.16424487381585287,0.17579457092760759,19855,240,0.14939569871599317,0.147324019601761,2230.369379467,3123.773412637
2026-02-01,2026_rev_2,0.16424487381585287,0.17579457092760759,19855,240,0.14939569871599317,0.147324019601761,2230.369379467,3123.773412637
2026-02-02,2026_rev_2,0.16424487381585287,0.17579457092760759,19855,240,0.14939569871599317,0.147324019601761,2230.369379467,3123.773412637
2026-02-03,2026_rev_2,0.16424487381585287,0.17579457092760759,19855,240,0.14939569871599317,0.147324019601761,2230.369379467,3123.773412637
2026-02-04,2026_rev_2,0.16424487381585287,0.17579457092760759,19855,240,0.14939569871599317,0.147324019601761,2230.369379467,3123.773412637
2026-02-05,2026_rev_2,0.16424487381585287,0.17579457092760759,19855,240,0.14939569871599317,0.147324019601761,2230.369379467,3123.773412637
2026-02-06,2026_rev_2,0.16424487381585287,0.17579457092760759,19855,240,0.14939569871599317,0.147324019601761,2230.369379467,3123.773412637
2026-02-07,2026_rev_2,0.16424487381585287,0.17579457092760759,19855,240,0.14939569871599317,0.147324019601761,2230.369379467,3123.773412637
2026-02-08,2026_rev_2,0.16424487381585287,0.17579457092760759,19855,240,0.14939569871599317,0.147324019601761,2230.369379467,3123.773412637
2026-02-09,2026_rev_2,0.16424487381585287,0.17579457092760759,19855,240,0.14939569871599317,0.147324019601761,2230.369379467,3123.773412637
2026-02-10,2026_rev_2,0.16424487381585287,0.17579457092760759,19855,240,0.14939569871599317,0.147324019601761,2230.369379467,3123.773412637
2026-02-11,2026_rev_2,0.16424487381585287,0.17579457092760759,19855,240,0.14939569871599317,0.147324019601761,2230.369379467,3123.773412637
2026-02-12,2026_rev_3,0.16334532120109457,0.17489431492599666,19856,240,0.14684461500005014,0.14477293588581797,2230.739517706,3123.773412637
2026-02-13,2026_rev_3,0.16334532120109457,0.17489431492599666,19856,240,0.14684461500005014,0.14477293588581797,2230.739517706,3123.773412637
2026-02-14,2026_rev_3,0.16334532120109457,0.17489431492599666,19856,240,0.14684461500005014,0.14477293588581797,2230.739517706,3123.773412637
2026-02-15,2026_rev_3,0.16334532120109457,0.17489431492599666,19856,240,0.14684461500005014,0.14477293588581797,2230.739517706,3123.773412637
2026-02-16,2026_rev_3,0.16334532120109457,0.17489431492599666,19856,240,0.14684461500005014,0.14477293588581797,2230.739517706,3123.773412637
2026-02-17,2026_rev_3,0.16334532120109457,0.17489431492599666,19856,240,0.14684461500005014,0.14477293588581797,2230.739517706,3123.773412637
2026-02-18,2026_rev_3,0.16334532120109457,0.17489431492599666,19856,240,0.14684461500005014,0.14477293588581797,2230.739517706,3123.773412637
2026-02-19,2026_rev_3,0.16334532120109457,0.17489431492599666,19856,240,0.14684461500005014,0.14477293588581797,2230.739517706,3123.773412637
2026-02-20,2026_rev_3,0.16334532120109457,0.17489431492599666,19856,240,0.14684461500005014,0.14477293588581797,2230.739517706,3123.773412637
2026-02-21,2026_rev_3,0.16334532120109457,0.17489431492599666,19856,240,0.14684461500005014,0.14477293588581797,2230.739517706,3123.773412637
2026-02-22,2026_rev_3,0.16334532120109457,0.17489431492599666,19856,240,0.14684461500005014,0.14477293588581797,2230.739517706,3123.773412637
2026-02-23,2026_rev_3,0.16334532120109457,0.17489431492599666,19856,240,0.14684461500005014,0.14477293588581797,2230.739517706,3123.773412637
2026-02-24,2026_rev_3,0.16334532120109457,0.17489431492599666,19856,240,0.14684461500005014,0.14477293588581797,2230.739517706,3123.773412637
2026-02-25,2026_rev_4,0.11620565848222285,0.12774931545598614,19856,240,0.09991002053466118,0.09753830907072551,2959.787849956,3123.773412637
2026-02-26,2026_rev_4,0.11620565848222285,0.12774931545598614,19856,240,0.09991002053466118,0.09753830907072551,2959.787849956,3123.773412637
2026-02-27,2026_rev_4,0.11620565848222285,0.12774931545598614,19856,240,0.09991002053466118,0.09753830907072551,2959.787849956,3123.773412637
2026-02-28,2026_rev_4,0.11620565848222285,0.12774931545598614,19856,240,0.09991002053466118,0.09753830907072551,2959.787849956,3123.773412637
2026-03-01,2026_rev_4,0.11620565848222285,0.12774931545598614,19856,240,0.09991002053466118,0.09753830907072551,2959.787849956,3123.773412637
2026-03-02,2026_rev_4,0.11620565848222285,0.12774931545598614,19856,240,0.09991002053466118,0.09753830907072551,2959.787849956,3123.773412637
2026-03-03,2026_rev_4,0.11620565848222285,0.12774931545598614,19856,240,0.09991002053466118,0.09753830907072551,2959.787849956,3123.773412637
2026-03-04,2026_rev_4,0.11620565848222285,0.12774931545598614,19856,240,0.09991002053466118,0.09753830907072551,2959.787849956,3123.773412637
2026-03-05,2026_rev_4,0.11620565848222285,0.12774931545598614,19856,240,0.09991002053466118,0.09753830907072551,2959.787849956,3123.773412637
2026-03-06,2026_rev_4,0.11620565848222285,0.12774931545598614,19856,240,0.09991002053466118,0.09753830907072551,2959.787849956,3123.773412637
2026-03-07,2026_rev_4,0.11620565848222285,0.12774931545598614,19856,240,0.09991002053466118,0.09753830907072551,2959.787849956,3123.773412637
2026-03-08,2026_rev_4,0.11620565848222285,0.12774931545598614,19856,240,0.09991002053466118,0.09753830907072551,2959.787849956,3123.773412637
2026-03-09,2026_rev_4,0.11620565848222285,0.12774931545598614,19856,240,0.09991002053466118,0.09753830907072551,2959.787849956,3123.773412637
2026-03-10,2026_rev_4,0.11620565848222285,0.12774931545598614,19856,240,0.09991002053466118,0.09753830907072551,2959.787849956,3123.773412637
