date,revision,mean_232,mean_301,mean_ieepa,mean_fentanyl,mean_s122,mean_other,etr_232,etr_301,etr_ieepa,etr_fentanyl,etr_s122,etr_other
2025-01-01,basic,0.21941713115926567,0.00892406161551971,0,0,0,0,0.01483305017554158,0.022199762967869754,0,0,0,0
2025-01-02,basic,0.21941713115926567,0.00892406161551971,0,0,0,0,0.01483305017554158,0.022199762967869754,0,0,0,0
2025-01-03,basic,0.21941713115926567,0.00892406161551971,0,0,0,0,0.01483305017554158,0.022199762967869754,0,0,0,0
2025-01-04,basic,0.21941713115926567,0.00892406161551971,0,0,0,0,0.01483305017554158,0.022199762967869754,0,0,0,0
2025-01-05,basic,0.21941713115926567,0.00892406161551971,0,0,0,0,0.01483305017554158,0.022199762967869754,0,0,0,0
2025-01-06,basic,0.21941713115926567,0.00892406161551971,0,0,0,0,0.01483305017554158,0.022199762967869754,0,0,0,0
2025-01-07,basic,0.21941713115926567,0.00892406161551971,0,0,0,0,0.01483305017554158,0.022199762967869754,0,0,0,0
2025-01-08,basic,0.21941713115926567,0.00892406161551971,0,0,0,0,0.01483305017554158,0.022199762967869754,0,0,0,0
2025-01-09,basic,0.21941713115926567,0.00892406161551971,0,0,0,0,0.01483305017554158,0.022199762967869754,0,0,0,0
2025-01-10,basic,0.21941713115926567,0.00892406161551971,0,0,0,0,0.01483305017554158,0.022199762967869754,0,0,0,0
2025-01-11,basic,0.21941713115926567,0.00892406161551971,0,0,0,0,0.01483305017554158,0.022199762967869754,0,0,0,0
2025-01-12,basic,0.21941713115926567,0.00892406161551971,0,0,0,0,0.01483305017554158,0.022199762967869754,0,0,0,0
2025-01-13,basic,0.21941713115926567,0.00892406161551971,0,0,0,0,0.01483305017554158,0.022199762967869754,0,0,0,0
2025-01-14,basic,0.21941713115926567,0.00892406161551971,0,0,0,0,0.01483305017554158,0.022199762967869754,0,0,0,0
2025-01-15,basic,0.21941713115926567,0.00892406161551971,0,0,0,0,0.01483305017554158,0.022199762967869754,0,0,0,0
2025-01-16,basic,0.21941713115926567,0.00892406161551971,0,0,0,0,0.01483305017554158,0.022199762967869754,0,0,0,0
2025-01-17,basic,0.21941713115926567,0.00892406161551971,0,0,0,0,0.01483305017554158,0.022199762967869754,0,0,0,0
2025-01-18,basic,0.21941713115926567,0.00892406161551971,0,0,0,0,0.01483305017554158,0.022199762967869754,0,0,0,0
2025-01-19,basic,0.21941713115926567,0.00892406161551971,0,0,0,0,0.01483305017554158,0.022199762967869754,0,0,0,0
2025-01-20,basic,0.21941713115926567,0.00892406161551971,0,0,0,0,0.01483305017554158,0.022199762967869754,0,0,0,0
2025-01-21,basic,0.21941713115926567,0.00892406161551971,0,0,0,0,0.01483305017554158,0.022199762967869754,0,0,0,0
2025-01-22,basic,0.21941713115926567,0.00892406161551971,0,0,0,0,0.01483305017554158,0.022199762967869754,0,0,0,0
2025-01-23,basic,0.21941713115926567,0.00892406161551971,0,0,0,0,0.01483305017554158,0.022199762967869754,0,0,0,0
2025-01-24,basic,0.21941713115926567,0.00892406161551971,0,0,0,0,0.01483305017554158,0.022199762967869754,0,0,0,0
2025-01-25,basic,0.21941713115926567,0.00892406161551971,0,0,0,0,0.01483305017554158,0.022199762967869754,0,0,0,0
2025-01-26,basic,0.21941713115926567,0.00892406161551971,0,0,0,0,0.01483305017554158,0.022199762967869754,0,0,0,0
2025-01-27,rev_1,0.21028058564429863,0.008553024855049643,0,0.008430041799631428,0,0,0.01483305017554158,0.022200325211514858,0,0.01336326241606656,0,0
2025-01-28,rev_1,0.21028058564429863,0.008553024855049643,0,0.008430041799631428,0,0,0.01483305017554158,0.022200325211514858,0,0.01336326241606656,0,0
2025-01-29,rev_1,0.21028058564429863,0.008553024855049643,0,0.008430041799631428,0,0,0.01483305017554158,0.022200325211514858,0,0.01336326241606656,0,0
2025-01-30,rev_1,0.21028058564429863,0.008553024855049643,0,0.008430041799631428,0,0,0.01483305017554158,0.022200325211514858,0,0.01336326241606656,0,0
2025-01-31,rev_1,0.21028058564429863,0.008553024855049643,0,0.008430041799631428,0,0,0.01483305017554158,0.022200325211514858,0,0.01336326241606656,0,0
2025-02-01,rev_2,0.21028058564429863,0.008553024855049643,0,0.008430041799631428,0,0,0.01483305017554158,0.022200325211514858,0,0.01336326241606656,0,0
2025-02-02,rev_2,0.21028058564429863,0.008553024855049643,0,0.008430041799631428,0,0,0.01483305017554158,0.022200325211514858,0,0.01336326241606656,0,0
2025-02-03,rev_2,0.21028058564429863,0.008553024855049643,0,0.008430041799631428,0,0,0.01483305017554158,0.022200325211514858,0,0.01336326241606656,0,0
2025-02-04,rev_3,0.1933566803892988,0.007857669327233153,0,0.02275665441648863,0,0,0.015411383256981357,0.022200325211514858,0,0.046291723636039506,0,0
2025-02-05,rev_3,0.1933566803892988,0.007857669327233153,0,0.02275665441648863,0,0,0.015411383256981357,0.022200325211514858,0,0.046291723636039506,0,0
2025-02-06,rev_3,0.1933566803892988,0.007857669327233153,0,0.02275665441648863,0,0,0.015411383256981357,0.022200325211514858,0,0.046291723636039506,0,0
2025-02-07,rev_3,0.1933566803892988,0.007857669327233153,0,0.02275665441648863,0,0,0.015411383256981357,0.022200325211514858,0,0.046291723636039506,0,0
2025-02-08,rev_3,0.1933566803892988,0.007857669327233153,0,0.02275665441648863,0,0,0.015411383256981357,0.022200325211514858,0,0.046291723636039506,0,0
2025-02-09,rev_3,0.1933566803892988,0.007857669327233153,0,0.02275665441648863,0,0,0.015411383256981357,0.022200325211514858,0,0.046291723636039506,0,0
2025-02-10,rev_3,0.1933566803892988,0.007857669327233153,0,0.02275665441648863,0,0,0.015411383256981357,0.022200325211514858,0,0.046291723636039506,0,0
2025-02-11,rev_3,0.1933566803892988,0.007857669327233153,0,0.02275665441648863,0,0,0.015411383256981357,0.022200325211514858,0,0.046291723636039506,0,0
2025-02-12,rev_3,0.1933566803892988,0.007857669327233153,0,0.02275665441648863,0,0,0.015411383256981357,0.022200325211514858,0,0.046291723636039506,0,0
2025-02-13,rev_3,0.1933566803892988,0.007857669327233153,0,0.02275665441648863,0,0,0.015411383256981357,0.022200325211514858,0,0.046291723636039506,0,0
2025-02-14,rev_3,0.1933566803892988,0.007857669327233153,0,0.02275665441648863,0,0,0.015411383256981357,0.022200325211514858,0,0.046291723636039506,0,0
2025-02-15,rev_3,0.1933566803892988,0.007857669327233153,0,0.02275665441648863,0,0,0.015411383256981357,0.022200325211514858,0,0.046291723636039506,0,0
2025-02-16,rev_3,0.1933566803892988,0.007857669327233153,0,0.02275665441648863,0,0,0.015411383256981357,0.022200325211514858,0,0.046291723636039506,0,0
2025-02-17,rev_3,0.1933566803892988,0.007857669327233153,0,0.02275665441648863,0,0,0.015411383256981357,0.022200325211514858,0,0.046291723636039506,0,0
2025-02-18,rev_3,0.1933566803892988,0.007857669327233153,0,0.02275665441648863,0,0,0.015411383256981357,0.022200325211514858,0,0.046291723636039506,0,0
2025-02-19,rev_3,0.1933566803892988,0.007857669327233153,0,0.02275665441648863,0,0,0.015411383256981357,0.022200325211514858,0,0.046291723636039506,0,0
2025-02-20,rev_3,0.1933566803892988,0.007857669327233153,0,0.02275665441648863,0,0,0.015411383256981357,0.022200325211514858,0,0.046291723636039506,0,0
2025-02-21,rev_3,0.1933566803892988,0.007857669327233153,0,0.02275665441648863,0,0,0.015411383256981357,0.022200325211514858,0,0.046291723636039506,0,0
2025-02-22,rev_3,0.1933566803892988,0.007857669327233153,0,0.02275665441648863,0,0,0.015411383256981357,0.022200325211514858,0,0.046291723636039506,0,0
2025-02-23,rev_3,0.1933566803892988,0.007857669327233153,0,0.02275665441648863,0,0,0.015411383256981357,0.022200325211514858,0,0.046291723636039506,0,0
2025-02-24,rev_3,0.1933566803892988,0.007857669327233153,0,0.02275665441648863,0,0,0.015411383256981357,0.022200325211514858,0,0.046291723636039506,0,0
2025-02-25,rev_3,0.1933566803892988,0.007857669327233153,0,0.02275665441648863,0,0,0.015411383256981357,0.022200325211514858,0,0.046291723636039506,0,0
2025-02-26,rev_3,0.1933566803892988,0.007857669327233153,0,0.02275665441648863,0,0,0.015411383256981357,0.022200325211514858,0,0.046291723636039506,0,0
2025-02-27,rev_3,0.1933566803892988,0.007857669327233153,0,0.02275665441648863,0,0,0.015411383256981357,0.022200325211514858,0,0.046291723636039506,0,0
2025-02-28,rev_3,0.1933566803892988,0.007857669327233153,0,0.02275665441648863,0,0,0.015411383256981357,0.022200325211514858,0,0.046291723636039506,0,0
2025-03-01,rev_3,0.1933566803892988,0.007857669327233153,0,0.02275665441648863,0,0,0.015411383256981357,0.022200325211514858,0,0.046291723636039506,0,0
2025-03-02,rev_3,0.1933566803892988,0.007857669327233153,0,0.02275665441648863,0,0,0.015411383256981357,0.022200325211514858,0,0.046291723636039506,0,0
2025-03-03,rev_3,0.1933566803892988,0.007857669327233153,0,0.02275665441648863,0,0,0.015411383256981357,0.022200325211514858,0,0.046291723636039506,0,0
2025-03-04,rev_4,0.19007741462988048,0.007439579106216473,0,0.021526185890244836,0,0,0.016691401873733473,0.022200325211514858,0,0.045947621733784146,0,0
2025-03-05,rev_5,0.19007741462988048,0.007439579106216473,0,0.021526185890244836,0,0,0.016691401873733473,0.022200325211514858,0,0.045947621733784146,0,0
2025-03-06,rev_5,0.19007741462988048,0.007439579106216473,0,0.021526185890244836,0,0,0.016691401873733473,0.022200325211514858,0,0.045947621733784146,0,0
2025-03-07,rev_5,0.19007741462988048,0.007439579106216473,0,0.021526185890244836,0,0,0.016691401873733473,0.022200325211514858,0,0.045947621733784146,0,0
2025-03-08,rev_5,0.19007741462988048,0.007439579106216473,0,0.021526185890244836,0,0,0.016691401873733473,0.022200325211514858,0,0.045947621733784146,0,0
2025-03-09,rev_5,0.19007741462988048,0.007439579106216473,0,0.021526185890244836,0,0,0.016691401873733473,0.022200325211514858,0,0.045947621733784146,0,0
2025-03-10,rev_5,0.19007741462988048,0.007439579106216473,0,0.021526185890244836,0,0,0.016691401873733473,0.022200325211514858,0,0.045947621733784146,0,0
2025-03-11,rev_5,0.19007741462988048,0.007439579106216473,0,0.021526185890244836,0,0,0.016691401873733473,0.022200325211514858,0,0.045947621733784146,0,0
2025-03-12,rev_6,0.19657058213537995,0.006601571850315157,0,0.018178505835096562,0,0,0.03695610608488086,0.022200325211514858,0,0.043702278687222054,0,0
2025-03-13,rev_6,0.19657058213537995,0.006601571850315157,0,0.018178505835096562,0,0,0.03695610608488086,0.022200325211514858,0,0.043702278687222054,0,0
2025-03-14,rev_6,0.19657058213537995,0.006601571850315157,0,0.018178505835096562,0,0,0.03695610608488086,0.022200325211514858,0,0.043702278687222054,0,0
2025-03-15,rev_6,0.19657058213537995,0.006601571850315157,0,0.018178505835096562,0,0,0.03695610608488086,0.022200325211514858,0,0.043702278687222054,0,0
2025-03-16,rev_6,0.19657058213537995,0.006601571850315157,0,0.018178505835096562,0,0,0.03695610608488086,0.022200325211514858,0,0.043702278687222054,0,0
2025-03-17,rev_6,0.19657058213537995,0.006601571850315157,0,0.018178505835096562,0,0,0.03695610608488086,0.022200325211514858,0,0.043702278687222054,0,0
2025-03-18,rev_6,0.19657058213537995,0.006601571850315157,0,0.018178505835096562,0,0,0.03695610608488086,0.022200325211514858,0,0.043702278687222054,0,0
2025-03-19,rev_6,0.19657058213537995,0.006601571850315157,0,0.018178505835096562,0,0,0.03695610608488086,0.022200325211514858,0,0.043702278687222054,0,0
2025-03-20,rev_6,0.19657058213537995,0.006601571850315157,0,0.018178505835096562,0,0,0.03695610608488086,0.022200325211514858,0,0.043702278687222054,0,0
2025-03-21,rev_6,0.19657058213537995,0.006601571850315157,0,0.018178505835096562,0,0,0.03695610608488086,0.022200325211514858,0,0.043702278687222054,0,0
2025-03-22,rev_6,0.19657058213537995,0.006601571850315157,0,0.018178505835096562,0,0,0.03695610608488086,0.022200325211514858,0,0.043702278687222054,0,0
2025-03-23,rev_6,0.19657058213537995,0.006601571850315157,0,0.018178505835096562,0,0,0.03695610608488086,0.022200325211514858,0,0.043702278687222054,0,0
2025-03-24,rev_6,0.19657058213537995,0.006601571850315157,0,0.018178505835096562,0,0,0.03695610608488086,0.022200325211514858,0,0.043702278687222054,0,0
2025-03-25,rev_6,0.19657058213537995,0.006601571850315157,0,0.018178505835096562,0,0,0.03695610608488086,0.022200325211514858,0,0.043702278687222054,0,0
2025-03-26,rev_6,0.19657058213537995,0.006601571850315157,0,0.018178505835096562,0,0,0.03695610608488086,0.022200325211514858,0,0.043702278687222054,0,0
2025-03-27,rev_6,0.19657058213537995,0.006601571850315157,0,0.018178505835096562,0,0,0.03695610608488086,0.022200325211514858,0,0.043702278687222054,0,0
2025-03-28,rev_6,0.19657058213537995,0.006601571850315157,0,0.018178505835096562,0,0,0.03695610608488086,0.022200325211514858,0,0.043702278687222054,0,0
2025-03-29,rev_6,0.19657058213537995,0.006601571850315157,0,0.018178505835096562,0,0,0.03695610608488086,0.022200325211514858,0,0.043702278687222054,0,0
2025-03-30,rev_6,0.19657058213537995,0.006601571850315157,0,0.018178505835096562,0,0,0.03695610608488086,0.022200325211514858,0,0.043702278687222054,0,0
2025-03-31,rev_6,0.19657058213537995,0.006601571850315157,0,0.018178505835096562,0,0,0.03695610608488086,0.022200325211514858,0,0.043702278687222054,0,0
2025-04-01,rev_6,0.19657058213537995,0.006601571850315157,0,0.018178505835096562,0,0,0.03695610608488086,0.022200325211514858,0,0.043702278687222054,0,0
2025-04-02,rev_7,0.025222813382889894,8.470759612420421e-4,0.09207067344895321,0.0023325619493898982,0,0,0.03695610608488086,0.022200325211514858,0.06460510170914592,0.043702278687222054,0,0
2025-04-03,rev_8,0.025222813382889894,8.470759612420421e-4,0.0958455194262312,0.0023325619493898982,0,0,0.03695610608488086,0.022200325211514858,0.10924853311566388,0.043702278687222054,0,0
2025-04-04,rev_8,0.025222813382889894,8.470759612420421e-4,0.0958455194262312,0.0023325619493898982,0,0,0.03695610608488086,0.022200325211514858,0.10924853311566388,0.043702278687222054,0,0
2025-04-05,rev_9,0.025222813382889894,8.470759612420421e-4,0.09743095473668782,0.0023325619493898982,0,0,0.03695610608488086,0.022200325211514858,0.14582314367704122,0.043702278687222054,0,0
2025-04-06,rev_9,0.025222813382889894,8.470759612420421e-4,0.09743095473668782,0.0023325619493898982,0,0,0.03695610608488086,0.022200325211514858,0.14582314367704122,0.043702278687222054,0,0
2025-04-07,rev_9,0.025222813382889894,8.470759612420421e-4,0.09743095473668782,0.0023325619493898982,0,0,0.03695610608488086,0.022200325211514858,0.14582314367704122,0.043702278687222054,0,0
2025-04-08,rev_9,0.025222813382889894,8.470759612420421e-4,0.09743095473668782,0.0023325619493898982,0,0,0.03695610608488086,0.022200325211514858,0.14582314367704122,0.043702278687222054,0,0
2025-04-09,rev_10,0.025222813382889894,8.470759612420421e-4,0.09743095473668782,0.0023325619493898982,0,0,0.03695610608488086,0.022200325211514858,0.14582314367704122,0.043702278687222054,0,0
2025-04-10,rev_10,0.025222813382889894,8.470759612420421e-4,0.09743095473668782,0.0023325619493898982,0,0,0.03695610608488086,0.022200325211514858,0.14582314367704122,0.043702278687222054,0,0
2025-04-11,rev_11,0.025222813382889894,8.470759612420421e-4,0.09743095473668782,0.0023325619493898982,0,0,0.03695610608488086,0.022200325211514858,0.14582314367704122,0.043702278687222054,0,0
2025-04-12,rev_11,0.025222813382889894,8.470759612420421e-4,0.09743095473668782,0.0023325619493898982,0,0,0.03695610608488086,0.022200325211514858,0.14582314367704122,0.043702278687222054,0,0
2025-04-13,rev_11,0.025222813382889894,8.470759612420421e-4,0.09743095473668782,0.0023325619493898982,0,0,0.03695610608488086,0.022200325211514858,0.14582314367704122,0.043702278687222054,0,0
2025-04-14,rev_12,0.025222813382889894,8.470759612420421e-4,0.08874880898894838,0.0023325619493898982,0,0,0.03695610608488086,0.022200325211514858,0.04314325144204986,0.043702278687222054,0,0
2025-04-15,rev_12,0.025222813382889894,8.470759612420421e-4,0.08874880898894838,0.0023325619493898982,0,0,0.03695610608488086,0.022200325211514858,0.04314325144204986,0.043702278687222054,0,0
2025-04-16,rev_12,0.025222813382889894,8.470759612420421e-4,0.08874880898894838,0.0023325619493898982,0,0,0.03695610608488086,0.022200325211514858,0.04314325144204986,0.043702278687222054,0,0
2025-04-17,rev_12,0.025222813382889894,8.470759612420421e-4,0.08874880898894838,0.0023325619493898982,0,0,0.03695610608488086,0.022200325211514858,0.04314325144204986,0.043702278687222054,0,0
2025-04-18,rev_12,0.025222813382889894,8.470759612420421e-4,0.08874880898894838,0.0023325619493898982,0,0,0.03695610608488086,0.022200325211514858,0.04314325144204986,0.043702278687222054,0,0
2025-04-19,rev_12,0.025222813382889894,8.470759612420421e-4,0.08874880898894838,0.0023325619493898982,0,0,0.03695610608488086,0.022200325211514858,0.04314325144204986,0.043702278687222054,0,0
2025-04-20,rev_12,0.025222813382889894,8.470759612420421e-4,0.08874880898894838,0.0023325619493898982,0,0,0.03695610608488086,0.022200325211514858,0.04314325144204986,0.043702278687222054,0,0
2025-04-21,rev_12,0.025222813382889894,8.470759612420421e-4,0.08874880898894838,0.0023325619493898982,0,0,0.03695610608488086,0.022200325211514858,0.04314325144204986,0.043702278687222054,0,0
2025-04-22,rev_13,0.025222813382889894,8.470759612420421e-4,0.08874880898894838,0.0023325619493898982,0,0,0.03695610608488086,0.022200325211514858,0.04314325144204986,0.043702278687222054,0,0
2025-04-23,rev_13,0.025222813382889894,8.470759612420421e-4,0.08874880898894838,0.0023325619493898982,0,0,0.03695610608488086,0.022200325211514858,0.04314325144204986,0.043702278687222054,0,0
2025-04-24,rev_13,0.025222813382889894,8.470759612420421e-4,0.08874880898894838,0.0023325619493898982,0,0,0.03695610608488086,0.022200325211514858,0.04314325144204986,0.043702278687222054,0,0
2025-04-25,rev_13,0.025222813382889894,8.470759612420421e-4,0.08874880898894838,0.0023325619493898982,0,0,0.03695610608488086,0.022200325211514858,0.04314325144204986,0.043702278687222054,0,0
2025-04-26,rev_13,0.025222813382889894,8.470759612420421e-4,0.08874880898894838,0.0023325619493898982,0,0,0.03695610608488086,0.022200325211514858,0.04314325144204986,0.043702278687222054,0,0
2025-04-27,rev_13,0.025222813382889894,8.470759612420421e-4,0.08874880898894838,0.0023325619493898982,0,0,0.03695610608488086,0.022200325211514858,0.04314325144204986,0.043702278687222054,0,0
2025-04-28,rev_13,0.025222813382889894,8.470759612420421e-4,0.08874880898894838,0.0023325619493898982,0,0,0.03695610608488086,0.022200325211514858,0.04314325144204986,0.043702278687222054,0,0
2025-04-29,rev_13,0.025222813382889894,8.470759612420421e-4,0.08874880898894838,0.0023325619493898982,0,0,0.03695610608488086,0.022200325211514858,0.04314325144204986,0.043702278687222054,0,0
2025-04-30,rev_13,0.025222813382889894,8.470759612420421e-4,0.08874880898894838,0.0023325619493898982,0,0,0.03695610608488086,0.022200325211514858,0.04314325144204986,0.043702278687222054,0,0
2025-05-01,rev_13,0.025222813382889894,8.470759612420421e-4,0.08874880898894838,0.0023325619493898982,0,0,0.03695610608488086,0.022200325211514858,0.04314325144204986,0.043702278687222054,0,0
2025-05-02,rev_14,0.041853897351433265,8.470759612420421e-4,0.08874880898894838,0.0023325619493898982,0,0,0.04649847691600991,0.022200325211514858,0.04314325144204986,0.043702278687222054,0,0
2025-05-03,rev_14,0.041853897351433265,8.470759612420421e-4,0.08874880898894838,0.0023325619493898982,0,0,0.04649847691600991,0.022200325211514858,0.04314325144204986,0.043702278687222054,0,0
2025-05-04,rev_14,0.041853897351433265,8.470759612420421e-4,0.08874880898894838,0.0023325619493898982,0,0,0.04649847691600991,0.022200325211514858,0.04314325144204986,0.043702278687222054,0,0
2025-05-05,rev_14,0.041853897351433265,8.470759612420421e-4,0.08874880898894838,0.0023325619493898982,0,0,0.04649847691600991,0.022200325211514858,0.04314325144204986,0.043702278687222054,0,0
2025-05-06,rev_14,0.041853897351433265,8.470759612420421e-4,0.08874880898894838,0.0023325619493898982,0,0,0.04649847691600991,0.022200325211514858,0.04314325144204986,0.043702278687222054,0,0
2025-05-07,rev_14,0.041853897351433265,8.470759612420421e-4,0.08874880898894838,0.0023325619493898982,0,0,0.04649847691600991,0.022200325211514858,0.04314325144204986,0.043702278687222054,0,0
2025-05-08,rev_14,0.041853897351433265,8.470759612420421e-4,0.08874880898894838,0.0023325619493898982,0,0,0.04649847691600991,0.022200325211514858,0.04314325144204986,0.043702278687222054,0,0
2025-05-09,rev_14,0.041853897351433265,8.470759612420421e-4,0.08874880898894838,0.0023325619493898982,0,0,0.04649847691600991,0.022200325211514858,0.04314325144204986,0.043702278687222054,0,0
2025-05-10,rev_14,0.041853897351433265,8.470759612420421e-4,0.08874880898894838,0.0023325619493898982,0,0,0.04649847691600991,0.022200325211514858,0.04314325144204986,0.043702278687222054,0,0
2025-05-11,rev_14,0.041853897351433265,8.470759612420421e-4,0.08874880898894838,0.0023325619493898982,0,0,0.04649847691600991,0.022200325211514858,0.04314325144204986,0.043702278687222054,0,0
2025-05-12,rev_14,0.041853897351433265,8.470759612420421e-4,0.08874880898894838,0.0023325619493898982,0,0,0.04649847691600991,0.022200325211514858,0.04314325144204986,0.043702278687222054,0,0
2025-05-13,rev_14,0.041853897351433265,8.470759612420421e-4,0.08874880898894838,0.0023325619493898982,0,0,0.04649847691600991,0.022200325211514858,0.04314325144204986,0.043702278687222054,0,0
2025-05-14,rev_15,0.041853897351433265,8.470759612420421e-4,0.08874880898894838,0.0023325619493898982,0,0,0.04649847691600991,0.022200325211514858,0.04314325144204986,0.043702278687222054,0,0
2025-05-15,rev_15,0.041853897351433265,8.470759612420421e-4,0.08874880898894838,0.0023325619493898982,0,0,0.04649847691600991,0.022200325211514858,0.04314325144204986,0.043702278687222054,0,0
2025-05-16,rev_15,0.041853897351433265,8.470759612420421e-4,0.08874880898894838,0.0023325619493898982,0,0,0.04649847691600991,0.022200325211514858,0.04314325144204986,0.043702278687222054,0,0
2025-05-17,rev_15,0.041853897351433265,8.470759612420421e-4,0.08874880898894838,0.0023325619493898982,0,0,0.04649847691600991,0.022200325211514858,0.04314325144204986,0.043702278687222054,0,0
2025-05-18,rev_15,0.041853897351433265,8.470759612420421e-4,0.08874880898894838,0.0023325619493898982,0,0,0.04649847691600991,0.022200325211514858,0.04314325144204986,0.043702278687222054,0,0
2025-05-19,rev_15,0.041853897351433265,8.470759612420421e-4,0.08874880898894838,0.0023325619493898982,0,0,0.04649847691600991,0.022200325211514858,0.04314325144204986,0.043702278687222054,0,0
2025-05-20,rev_15,0.041853897351433265,8.470759612420421e-4,0.08874880898894838,0.0023325619493898982,0,0,0.04649847691600991,0.022200325211514858,0.04314325144204986,0.043702278687222054,0,0
2025-05-21,rev_15,0.041853897351433265,8.470759612420421e-4,0.08874880898894838,0.0023325619493898982,0,0,0.04649847691600991,0.022200325211514858,0.04314325144204986,0.043702278687222054,0,0
2025-05-22,rev_15,0.041853897351433265,8.470759612420421e-4,0.08874880898894838,0.0023325619493898982,0,0,0.04649847691600991,0.022200325211514858,0.04314325144204986,0.043702278687222054,0,0
2025-05-23,rev_15,0.041853897351433265,8.470759612420421e-4,0.08874880898894838,0.0023325619493898982,0,0,0.04649847691600991,0.022200325211514858,0.04314325144204986,0.043702278687222054,0,0
2025-05-24,rev_15,0.041853897351433265,8.470759612420421e-4,0.08874880898894838,0.0023325619493898982,0,0,0.04649847691600991,0.022200325211514858,0.04314325144204986,0.043702278687222054,0,0
2025-05-25,rev_15,0.041853897351433265,8.470759612420421e-4,0.08874880898894838,0.0023325619493898982,0,0,0.04649847691600991,0.022200325211514858,0.04314325144204986,0.043702278687222054,0,0
2025-05-26,rev_15,0.041853897351433265,8.470759612420421e-4,0.08874880898894838,0.0023325619493898982,0,0,0.04649847691600991,0.022200325211514858,0.04314325144204986,0.043702278687222054,0,0
2025-05-27,rev_15,0.041853897351433265,8.470759612420421e-4,0.08874880898894838,0.0023325619493898982,0,0,0.04649847691600991,0.022200325211514858,0.04314325144204986,0.043702278687222054,0,0
2025-05-28,rev_15,0.041853897351433265,8.470759612420421e-4,0.08874880898894838,0.0023325619493898982,0,0,0.04649847691600991,0.022200325211514858,0.04314325144204986,0.043702278687222054,0,0
2025-05-29,rev_15,0.041853897351433265,8.470759612420421e-4,0.08874880898894838,0.0023325619493898982,0,0,0.04649847691600991,0.022200325211514858,0.04314325144204986,0.043702278687222054,0,0
2025-05-30,rev_15,0.041853897351433265,8.470759612420421e-4,0.08874880898894838,0.0023325619493898982,0,0,0.04649847691600991,0.022200325211514858,0.04314325144204986,0.043702278687222054,0,0
2025-05-31,rev_15,0.041853897351433265,8.470759612420421e-4,0.08874880898894838,0.0023325619493898982,0,0,0.04649847691600991,0.022200325211514858,0.04314325144204986,0.043702278687222054,0,0
2025-06-01,rev_15,0.041853897351433265,8.470759612420421e-4,0.08874880898894838,0.0023325619493898982,0,0,0.04649847691600991,0.022200325211514858,0.04314325144204986,0.043702278687222054,0,0
2025-06-02,rev_15,0.041853897351433265,8.470759612420421e-4,0.08874880898894838,0.0023325619493898982,0,0,0.04649847691600991,0.022200325211514858,0.04314325144204986,0.043702278687222054,0,0
2025-06-03,rev_15,0.041853897351433265,8.470759612420421e-4,0.08874880898894838,0.0023325619493898982,0,0,0.04649847691600991,0.022200325211514858,0.04314325144204986,0.043702278687222054,0,0
2025-06-04,rev_15,0.041853897351433265,8.470759612420421e-4,0.08874880898894838,0.0023325619493898982,0,0,0.04649847691600991,0.022200325211514858,0.04314325144204986,0.043702278687222054,0,0
2025-06-05,rev_15,0.041853897351433265,8.470759612420421e-4,0.08874880898894838,0.0023325619493898982,0,0,0.04649847691600991,0.022200325211514858,0.04314325144204986,0.043702278687222054,0,0
2025-06-06,rev_16,0.04185872446016312,8.469498499336378e-4,0.088749735708164,0.0023341589945429482,0,0,0.04534136759563723,0.02209473154780973,0.04258968923453112,0.04329154309129654,0,0
2025-06-07,rev_16,0.04185872446016312,8.469498499336378e-4,0.088749735708164,0.0023341589945429482,0,0,0.04534136759563723,0.02209473154780973,0.04258968923453112,0.04329154309129654,0,0
2025-06-08,rev_16,0.04185872446016312,8.469498499336378e-4,0.088749735708164,0.0023341589945429482,0,0,0.04534136759563723,0.02209473154780973,0.04258968923453112,0.04329154309129654,0,0
2025-06-09,rev_16,0.04185872446016312,8.469498499336378e-4,0.088749735708164,0.0023341589945429482,0,0,0.04534136759563723,0.02209473154780973,0.04258968923453112,0.04329154309129654,0,0
2025-06-10,rev_16,0.04185872446016312,8.469498499336378e-4,0.088749735708164,0.0023341589945429482,0,0,0.04534136759563723,0.02209473154780973,0.04258968923453112,0.04329154309129654,0,0
2025-06-11,rev_16,0.04185872446016312,8.469498499336378e-4,0.088749735708164,0.0023341589945429482,0,0,0.04534136759563723,0.02209473154780973,0.04258968923453112,0.04329154309129654,0,0
2025-06-12,rev_16,0.04185872446016312,8.469498499336378e-4,0.088749735708164,0.0023341589945429482,0,0,0.04534136759563723,0.02209473154780973,0.04258968923453112,0.04329154309129654,0,0
2025-06-13,rev_16,0.04185872446016312,8.469498499336378e-4,0.088749735708164,0.0023341589945429482,0,0,0.04534136759563723,0.02209473154780973,0.04258968923453112,0.04329154309129654,0,0
2025-06-14,rev_16,0.04185872446016312,8.469498499336378e-4,0.088749735708164,0.0023341589945429482,0,0,0.04534136759563723,0.02209473154780973,0.04258968923453112,0.04329154309129654,0,0
2025-06-15,rev_16,0.04185872446016312,8.469498499336378e-4,0.088749735708164,0.0023341589945429482,0,0,0.04534136759563723,0.02209473154780973,0.04258968923453112,0.04329154309129654,0,0
2025-06-16,rev_16,0.04185872446016312,8.469498499336378e-4,0.088749735708164,0.0023341589945429482,0,0,0.04534136759563723,0.02209473154780973,0.04258968923453112,0.04329154309129654,0,0
2025-06-17,rev_16,0.04185872446016312,8.469498499336378e-4,0.088749735708164,0.0023341589945429482,0,0,0.04534136759563723,0.02209473154780973,0.04258968923453112,0.04329154309129654,0,0
2025-06-18,rev_16,0.04185872446016312,8.469498499336378e-4,0.088749735708164,0.0023341589945429482,0,0,0.04534136759563723,0.02209473154780973,0.04258968923453112,0.04329154309129654,0,0
2025-06-19,rev_16,0.04185872446016312,8.469498499336378e-4,0.088749735708164,0.0023341589945429482,0,0,0.04534136759563723,0.02209473154780973,0.04258968923453112,0.04329154309129654,0,0
2025-06-20,rev_16,0.04185872446016312,8.469498499336378e-4,0.088749735708164,0.0023341589945429482,0,0,0.04534136759563723,0.02209473154780973,0.04258968923453112,0.04329154309129654,0,0
2025-06-21,rev_16,0.04185872446016312,8.469498499336378e-4,0.088749735708164,0.0023341589945429482,0,0,0.04534136759563723,0.02209473154780973,0.04258968923453112,0.04329154309129654,0,0
2025-06-22,rev_16,0.04185872446016312,8.469498499336378e-4,0.088749735708164,0.0023341589945429482,0,0,0.04534136759563723,0.02209473154780973,0.04258968923453112,0.04329154309129654,0,0
2025-06-23,rev_16,0.04185872446016312,8.469498499336378e-4,0.088749735708164,0.0023341589945429482,0,0,0.04534136759563723,0.02209473154780973,0.04258968923453112,0.04329154309129654,0,0
2025-06-24,rev_16,0.04185872446016312,8.469498499336378e-4,0.088749735708164,0.0023341589945429482,0,0,0.04534136759563723,0.02209473154780973,0.04258968923453112,0.04329154309129654,0,0
2025-06-25,rev_16,0.04185872446016312,8.469498499336378e-4,0.088749735708164,0.0023341589945429482,0,0,0.04534136759563723,0.02209473154780973,0.04258968923453112,0.04329154309129654,0,0
2025-06-26,rev_16,0.04185872446016312,8.469498499336378e-4,0.088749735708164,0.0023341589945429482,0,0,0.04534136759563723,0.02209473154780973,0.04258968923453112,0.04329154309129654,0,0
2025-06-27,rev_16,0.04185872446016312,8.469498499336378e-4,0.088749735708164,0.0023341589945429482,0,0,0.04534136759563723,0.02209473154780973,0.04258968923453112,0.04329154309129654,0,0
2025-06-28,rev_16,0.04185872446016312,8.469498499336378e-4,0.088749735708164,0.0023341589945429482,0,0,0.04534136759563723,0.02209473154780973,0.04258968923453112,0.04329154309129654,0,0
2025-06-29,rev_16,0.04185872446016312,8.469498499336378e-4,0.088749735708164,0.0023341589945429482,0,0,0.04534136759563723,0.02209473154780973,0.04258968923453112,0.04329154309129654,0,0
2025-06-30,rev_16,0.04185872446016312,8.469498499336378e-4,0.088749735708164,0.0023341589945429482,0,0,0.04534136759563723,0.02209473154780973,0.04258968923453112,0.04329154309129654,0,0
2025-07-01,rev_17,0.0418609560487013,8.46995002852197e-4,0.0887491803567043,0.0026268363382352064,0,0,0.04534136759563723,0.02209473154780973,0.04258968923453112,0.046855923234850945,0,0
2025-07-02,rev_17,0.0418609560487013,8.46995002852197e-4,0.0887491803567043,0.0026268363382352064,0,0,0.04534136759563723,0.02209473154780973,0.04258968923453112,0.046855923234850945,0,0
2025-07-03,rev_17,0.0418609560487013,8.46995002852197e-4,0.0887491803567043,0.0026268363382352064,0,0,0.04534136759563723,0.02209473154780973,0.04258968923453112,0.046855923234850945,0,0
2025-07-04,rev_17,0.0418609560487013,8.46995002852197e-4,0.0887491803567043,0.0026268363382352064,0,0,0.04534136759563723,0.02209473154780973,0.04258968923453112,0.046855923234850945,0,0
2025-07-05,rev_17,0.0418609560487013,8.46995002852197e-4,0.0887491803567043,0.0026268363382352064,0,0,0.04534136759563723,0.02209473154780973,0.04258968923453112,0.046855923234850945,0,0
2025-07-06,rev_17,0.0418609560487013,8.46995002852197e-4,0.0887491803567043,0.0026268363382352064,0,0,0.04534136759563723,0.02209473154780973,0.04258968923453112,0.046855923234850945,0,0
2025-07-07,rev_17,0.0418609560487013,8.46995002852197e-4,0.0887491803567043,0.0026268363382352064,0,0,0.04534136759563723,0.02209473154780973,0.04258968923453112,0.046855923234850945,0,0
2025-07-08,rev_17,0.0418609560487013,8.46995002852197e-4,0.0887491803567043,0.0026268363382352064,0,0,0.04534136759563723,0.02209473154780973,0.04258968923453112,0.046855923234850945,0,0
2025-07-09,rev_17,0.0418609560487013,8.46995002852197e-4,0.0887491803567043,0.0026268363382352064,0,0,0.04534136759563723,0.02209473154780973,0.04258968923453112,0.046855923234850945,0,0
2025-07-10,rev_17,0.0418609560487013,8.46995002852197e-4,0.0887491803567043,0.0026268363382352064,0,0,0.04534136759563723,0.02209473154780973,0.04258968923453112,0.046855923234850945,0,0
2025-07-11,rev_17,0.0418609560487013,8.46995002852197e-4,0.0887491803567043,0.0026268363382352064,0,0,0.04534136759563723,0.02209473154780973,0.04258968923453112,0.046855923234850945,0,0
2025-07-12,rev_17,0.0418609560487013,8.46995002852197e-4,0.0887491803567043,0.0026268363382352064,0,0,0.04534136759563723,0.02209473154780973,0.04258968923453112,0.046855923234850945,0,0
2025-07-13,rev_17,0.0418609560487013,8.46995002852197e-4,0.0887491803567043,0.0026268363382352064,0,0,0.04534136759563723,0.02209473154780973,0.04258968923453112,0.046855923234850945,0,0
2025-07-14,rev_17,0.0418609560487013,8.46995002852197e-4,0.0887491803567043,0.0026268363382352064,0,0,0.04534136759563723,0.02209473154780973,0.04258968923453112,0.046855923234850945,0,0
2025-07-15,rev_17,0.0418609560487013,8.46995002852197e-4,0.0887491803567043,0.0026268363382352064,0,0,0.04534136759563723,0.02209473154780973,0.04258968923453112,0.046855923234850945,0,0
2025-07-16,rev_17,0.0418609560487013,8.46995002852197e-4,0.0887491803567043,0.0026268363382352064,0,0,0.04534136759563723,0.02209473154780973,0.04258968923453112,0.046855923234850945,0,0
2025-07-17,rev_17,0.0418609560487013,8.46995002852197e-4,0.0887491803567043,0.0026268363382352064,0,0,0.04534136759563723,0.02209473154780973,0.04258968923453112,0.046855923234850945,0,0
2025-07-18,rev_17,0.0418609560487013,8.46995002852197e-4,0.0887491803567043,0.0026268363382352064,0,0,0.04534136759563723,0.02209473154780973,0.04258968923453112,0.046855923234850945,0,0
2025-07-19,rev_17,0.0418609560487013,8.46995002852197e-4,0.0887491803567043,0.0026268363382352064,0,0,0.04534136759563723,0.02209473154780973,0.04258968923453112,0.046855923234850945,0,0
2025-07-20,rev_17,0.0418609560487013,8.46995002852197e-4,0.0887491803567043,0.0026268363382352064,0,0,0.04534136759563723,0.02209473154780973,0.04258968923453112,0.046855923234850945,0,0
2025-07-21,rev_17,0.0418609560487013,8.46995002852197e-4,0.0887491803567043,0.0026268363382352064,0,0,0.04534136759563723,0.02209473154780973,0.04258968923453112,0.046855923234850945,0,0
2025-07-22,rev_17,0.0418609560487013,8.46995002852197e-4,0.0887491803567043,0.0026268363382352064,0,0,0.04534136759563723,0.02209473154780973,0.04258968923453112,0.046855923234850945,0,0
2025-07-23,rev_17,0.0418609560487013,8.46995002852197e-4,0.0887491803567043,0.0026268363382352064,0,0,0.04534136759563723,0.02209473154780973,0.04258968923453112,0.046855923234850945,0,0
2025-07-24,rev_17,0.0418609560487013,8.46995002852197e-4,0.0887491803567043,0.0026268363382352064,0,0,0.04534136759563723,0.02209473154780973,0.04258968923453112,0.046855923234850945,0,0
2025-07-25,rev_17,0.0418609560487013,8.46995002852197e-4,0.0887491803567043,0.0026268363382352064,0,0,0.04534136759563723,0.02209473154780973,0.04258968923453112,0.046855923234850945,0,0
2025-07-26,rev_17,0.0418609560487013,8.46995002852197e-4,0.0887491803567043,0.0026268363382352064,0,0,0.04534136759563723,0.02209473154780973,0.04258968923453112,0.046855923234850945,0,0
2025-07-27,rev_17,0.0418609560487013,8.46995002852197e-4,0.0887491803567043,0.0026268363382352064,0,0,0.04534136759563723,0.02209473154780973,0.04258968923453112,0.046855923234850945,0,0
2025-07-28,rev_17,0.0418609560487013,8.46995002852197e-4,0.0887491803567043,0.0026268363382352064,0,0,0.04534136759563723,0.02209473154780973,0.04258968923453112,0.046855923234850945,0,0
2025-07-29,rev_17,0.0418609560487013,8.46995002852197e-4,0.0887491803567043,0.0026268363382352064,0,0,0.04534136759563723,0.02209473154780973,0.04258968923453112,0.046855923234850945,0,0
2025-07-30,rev_17,0.0418609560487013,8.46995002852197e-4,0.0887491803567043,0.0026268363382352064,0,0,0.04534136759563723,0.02209473154780973,0.04258968923453112,0.046855923234850945,0,0
2025-07-31,rev_17,0.0418609560487013,8.46995002852197e-4,0.0887491803567043,0.0026268363382352064,0,0,0.04534136759563723,0.02209473154780973,0.04258968923453112,0.046855923234850945,0,0
2025-08-01,rev_17,0.0418609560487013,8.46995002852197e-4,0.0887491803567043,0.0026268363382352064,0,0,0.04534136759563723,0.02209473154780973,0.04258968923453112,0.046855923234850945,0,0
2025-08-02,rev_17,0.0418609560487013,8.46995002852197e-4,0.0887491803567043,0.0026268363382352064,0,0,0.04534136759563723,0.02209473154780973,0.04258968923453112,0.046855923234850945,0,0
2025-08-03,rev_17,0.0418609560487013,8.46995002852197e-4,0.0887491803567043,0.0026268363382352064,0,0,0.04534136759563723,0.02209473154780973,0.04258968923453112,0.046855923234850945,0,0
2025-08-04,rev_17,0.0418609560487013,8.46995002852197e-4,0.0887491803567043,0.0026268363382352064,0,0,0.04534136759563723,0.02209473154780973,0.04258968923453112,0.046855923234850945,0,0
2025-08-05,rev_17,0.0418609560487013,8.46995002852197e-4,0.0887491803567043,0.0026268363382352064,0,0,0.04534136759563723,0.02209473154780973,0.04258968923453112,0.046855923234850945,0,0
2025-08-06,rev_17,0.0418609560487013,8.46995002852197e-4,0.0887491803567043,0.0026268363382352064,0,0,0.04534136759563723,0.02209473154780973,0.04258968923453112,0.046855923234850945,0,0
2025-08-07,rev_18,0.04191198479755628,8.480274946861759e-4,0.115720128299464,0.0026300384670072596,0,0,0.04534136759563723,0.02209473154780973,0.06904665430389577,0.046855923234850945,0,0
2025-08-08,rev_18,0.04191198479755628,8.480274946861759e-4,0.115720128299464,0.0026300384670072596,0,0,0.04534136759563723,0.02209473154780973,0.06904665430389577,0.046855923234850945,0,0
2025-08-09,rev_18,0.04191198479755628,8.480274946861759e-4,0.115720128299464,0.0026300384670072596,0,0,0.04534136759563723,0.02209473154780973,0.06904665430389577,0.046855923234850945,0,0
2025-08-10,rev_18,0.04191198479755628,8.480274946861759e-4,0.115720128299464,0.0026300384670072596,0,0,0.04534136759563723,0.02209473154780973,0.06904665430389577,0.046855923234850945,0,0
2025-08-11,rev_18,0.04191198479755628,8.480274946861759e-4,0.115720128299464,0.0026300384670072596,0,0,0.04534136759563723,0.02209473154780973,0.06904665430389577,0.046855923234850945,0,0
2025-08-12,rev_19,0.04191198479755628,8.480274946861759e-4,0.115720128299464,0.0026300384670072596,0,0,0.04534136759563723,0.02209473154780973,0.06904665430389577,0.046855923234850945,0,0
2025-08-13,rev_19,0.04191198479755628,8.480274946861759e-4,0.115720128299464,0.0026300384670072596,0,0,0.04534136759563723,0.02209473154780973,0.06904665430389577,0.046855923234850945,0,0
2025-08-14,rev_19,0.04191198479755628,8.480274946861759e-4,0.115720128299464,0.0026300384670072596,0,0,0.04534136759563723,0.02209473154780973,0.06904665430389577,0.046855923234850945,0,0
2025-08-15,rev_19,0.04191198479755628,8.480274946861759e-4,0.115720128299464,0.0026300384670072596,0,0,0.04534136759563723,0.02209473154780973,0.06904665430389577,0.046855923234850945,0,0
2025-08-16,rev_19,0.04191198479755628,8.480274946861759e-4,0.115720128299464,0.0026300384670072596,0,0,0.04534136759563723,0.02209473154780973,0.06904665430389577,0.046855923234850945,0,0
2025-08-17,rev_19,0.04191198479755628,8.480274946861759e-4,0.115720128299464,0.0026300384670072596,0,0,0.04534136759563723,0.02209473154780973,0.06904665430389577,0.046855923234850945,0,0
2025-08-18,rev_19,0.04191198479755628,8.480274946861759e-4,0.115720128299464,0.0026300384670072596,0,0,0.04534136759563723,0.02209473154780973,0.06904665430389577,0.046855923234850945,0,0
2025-08-19,rev_19,0.04191198479755628,8.480274946861759e-4,0.115720128299464,0.0026300384670072596,0,0,0.04534136759563723,0.02209473154780973,0.06904665430389577,0.046855923234850945,0,0
2025-08-20,rev_20,0.04191198479755628,8.480274946861759e-4,0.11666505398257764,0.0026300384670072596,0,0,0.04534136759563723,0.02209473154780973,0.0741639203513805,0.046855923234850945,0,0
2025-08-21,rev_20,0.04191198479755628,8.480274946861759e-4,0.11666505398257764,0.0026300384670072596,0,0,0.04534136759563723,0.02209473154780973,0.0741639203513805,0.046855923234850945,0,0
2025-08-22,rev_20,0.04191198479755628,8.480274946861759e-4,0.11666505398257764,0.0026300384670072596,0,0,0.04534136759563723,0.02209473154780973,0.0741639203513805,0.046855923234850945,0,0
2025-08-23,rev_20,0.04191198479755628,8.480274946861759e-4,0.11666505398257764,0.0026300384670072596,0,0,0.04534136759563723,0.02209473154780973,0.0741639203513805,0.046855923234850945,0,0
2025-08-24,rev_20,0.04191198479755628,8.480274946861759e-4,0.11666505398257764,0.0026300384670072596,0,0,0.04534136759563723,0.02209473154780973,0.0741639203513805,0.046855923234850945,0,0
2025-08-25,rev_20,0.04191198479755628,8.480274946861759e-4,0.11666505398257764,0.0026300384670072596,0,0,0.04534136759563723,0.02209473154780973,0.0741639203513805,0.046855923234850945,0,0
2025-08-26,rev_20,0.04191198479755628,8.480274946861759e-4,0.11666505398257764,0.0026300384670072596,0,0,0.04534136759563723,0.02209473154780973,0.0741639203513805,0.046855923234850945,0,0
2025-08-27,rev_20,0.04191198479755628,8.480274946861759e-4,0.11666505398257764,0.0026300384670072596,0,0,0.04534136759563723,0.02209473154780973,0.0741639203513805,0.046855923234850945,0,0
2025-08-28,rev_21,0.04191198479755628,8.480274946861759e-4,0.11666505398257764,0.0026300384670072596,0,0,0.04534136759563723,0.02209473154780973,0.0741639203513805,0.046855923234850945,0,0
2025-08-29,rev_21,0.04191198479755628,8.480274946861759e-4,0.11666505398257764,0.0026300384670072596,0,0,0.04534136759563723,0.02209473154780973,0.0741639203513805,0.046855923234850945,0,0
2025-08-30,rev_21,0.04191198479755628,8.480274946861759e-4,0.11666505398257764,0.0026300384670072596,0,0,0.04534136759563723,0.02209473154780973,0.0741639203513805,0.046855923234850945,0,0
2025-08-31,rev_21,0.04191198479755628,8.480274946861759e-4,0.11666505398257764,0.0026300384670072596,0,0,0.04534136759563723,0.02209473154780973,0.0741639203513805,0.046855923234850945,0,0
2025-09-01,rev_21,0.04191198479755628,8.480274946861759e-4,0.11666505398257764,0.0026300384670072596,0,0,0.04534136759563723,0.02209473154780973,0.0741639203513805,0.046855923234850945,0,0
2025-09-02,rev_21,0.04191198479755628,8.480274946861759e-4,0.11666505398257764,0.0026300384670072596,0,0,0.04534136759563723,0.02209473154780973,0.0741639203513805,0.046855923234850945,0,0
2025-09-03,rev_22,0.04191198479755628,8.480274946861759e-4,0.11666505398257764,0.0026300384670072596,0,0,0.04534136759563723,0.02209473154780973,0.0741639203513805,0.046855923234850945,0,0
2025-09-04,rev_22,0.04191198479755628,8.480274946861759e-4,0.11666505398257764,0.0026300384670072596,0,0,0.04534136759563723,0.02209473154780973,0.0741639203513805,0.046855923234850945,0,0
2025-09-05,rev_22,0.04191198479755628,8.480274946861759e-4,0.11666505398257764,0.0026300384670072596,0,0,0.04534136759563723,0.02209473154780973,0.0741639203513805,0.046855923234850945,0,0
2025-09-06,rev_22,0.04191198479755628,8.480274946861759e-4,0.11666505398257764,0.0026300384670072596,0,0,0.04534136759563723,0.02209473154780973,0.0741639203513805,0.046855923234850945,0,0
2025-09-07,rev_22,0.04191198479755628,8.480274946861759e-4,0.11666505398257764,0.0026300384670072596,0,0,0.04534136759563723,0.02209473154780973,0.0741639203513805,0.046855923234850945,0,0
2025-09-08,rev_22,0.04191198479755628,8.480274946861759e-4,0.11666505398257764,0.0026300384670072596,0,0,0.04534136759563723,0.02209473154780973,0.0741639203513805,0.046855923234850945,0,0
2025-09-09,rev_22,0.04191198479755628,8.480274946861759e-4,0.11666505398257764,0.0026300384670072596,0,0,0.04534136759563723,0.02209473154780973,0.0741639203513805,0.046855923234850945,0,0
2025-09-10,rev_22,0.04191198479755628,8.480274946861759e-4,0.11666505398257764,0.0026300384670072596,0,0,0.04534136759563723,0.02209473154780973,0.0741639203513805,0.046855923234850945,0,0
2025-09-11,rev_22,0.04191198479755628,8.480274946861759e-4,0.11666505398257764,0.0026300384670072596,0,0,0.04534136759563723,0.02209473154780973,0.0741639203513805,0.046855923234850945,0,0
2025-09-12,rev_23,0.041457392022173245,8.390002343407094e-4,0.11705941062778567,0.002602041683755453,0,0,0.04375842056989144,0.02209473154780973,0.08670628173703385,0.046855923234850945,0,0
2025-09-13,rev_23,0.041457392022173245,8.390002343407094e-4,0.11705941062778567,0.002602041683755453,0,0,0.04375842056989144,0.02209473154780973,0.08670628173703385,0.046855923234850945,0,0
2025-09-14,rev_23,0.041457392022173245,8.390002343407094e-4,0.11705941062778567,0.002602041683755453,0,0,0.04375842056989144,0.02209473154780973,0.08670628173703385,0.046855923234850945,0,0
2025-09-15,rev_23,0.041457392022173245,8.390002343407094e-4,0.11705941062778567,0.002602041683755453,0,0,0.04375842056989144,0.02209473154780973,0.08670628173703385,0.046855923234850945,0,0
2025-09-16,rev_23,0.041457392022173245,8.390002343407094e-4,0.11705941062778567,0.002602041683755453,0,0,0.04375842056989144,0.02209473154780973,0.08670628173703385,0.046855923234850945,0,0
2025-09-17,rev_23,0.041457392022173245,8.390002343407094e-4,0.11705941062778567,0.002602041683755453,0,0,0.04375842056989144,0.02209473154780973,0.08670628173703385,0.046855923234850945,0,0
2025-09-18,rev_23,0.041457392022173245,8.390002343407094e-4,0.11705941062778567,0.002602041683755453,0,0,0.04375842056989144,0.02209473154780973,0.08670628173703385,0.046855923234850945,0,0
2025-09-19,rev_24,0.04163194728361096,8.471892152750025e-4,0.116800509584538,0.0026274386608556625,0,0,0.04172317672208376,0.02209473154780973,0.07750128034414075,0.046855923234850945,0,0
2025-09-20,rev_24,0.04163194728361096,8.471892152750025e-4,0.116800509584538,0.0026274386608556625,0,0,0.04172317672208376,0.02209473154780973,0.07750128034414075,0.046855923234850945,0,0
2025-09-21,rev_24,0.04163194728361096,8.471892152750025e-4,0.116800509584538,0.0026274386608556625,0,0,0.04172317672208376,0.02209473154780973,0.07750128034414075,0.046855923234850945,0,0
2025-09-22,rev_24,0.04163194728361096,8.471892152750025e-4,0.116800509584538,0.0026274386608556625,0,0,0.04172317672208376,0.02209473154780973,0.07750128034414075,0.046855923234850945,0,0
2025-09-23,rev_24,0.04163194728361096,8.471892152750025e-4,0.116800509584538,0.0026274386608556625,0,0,0.04172317672208376,0.02209473154780973,0.07750128034414075,0.046855923234850945,0,0
2025-09-24,rev_24,0.04163194728361096,8.471892152750025e-4,0.116800509584538,0.0026274386608556625,0,0,0.04172317672208376,0.02209473154780973,0.07750128034414075,0.046855923234850945,0,0
2025-09-25,rev_24,0.04163194728361096,8.471892152750025e-4,0.116800509584538,0.0026274386608556625,0,0,0.04172317672208376,0.02209473154780973,0.07750128034414075,0.046855923234850945,0,0
2025-09-26,rev_25,0.04166033153009864,8.471892152750025e-4,0.116800509584538,0.0026274386608556625,0,0,0.04170851770872039,0.02209473154780973,0.07750128034414075,0.046855923234850945,0,0
2025-09-27,rev_25,0.04166033153009864,8.471892152750025e-4,0.116800509584538,0.0026274386608556625,0,0,0.04170851770872039,0.02209473154780973,0.07750128034414075,0.046855923234850945,0,0
2025-09-28,rev_25,0.04166033153009864,8.471892152750025e-4,0.116800509584538,0.0026274386608556625,0,0,0.04170851770872039,0.02209473154780973,0.07750128034414075,0.046855923234850945,0,0
2025-09-29,rev_25,0.04166033153009864,8.471892152750025e-4,0.116800509584538,0.0026274386608556625,0,0,0.04170851770872039,0.02209473154780973,0.07750128034414075,0.046855923234850945,0,0
2025-09-30,rev_25,0.04166033153009864,8.471892152750025e-4,0.116800509584538,0.0026274386608556625,0,0,0.04170851770872039,0.02209473154780973,0.07750128034414075,0.046855923234850945,0,0
2025-10-01,rev_25,0.04166033153009864,8.471892152750025e-4,0.116800509584538,0.0026274386608556625,0,0,0.04170851770872039,0.02209473154780973,0.07750128034414075,0.046855923234850945,0,0
2025-10-02,rev_25,0.04166033153009864,8.471892152750025e-4,0.116800509584538,0.0026274386608556625,0,0,0.04170851770872039,0.02209473154780973,0.07750128034414075,0.046855923234850945,0,0
2025-10-03,rev_25,0.04166033153009864,8.471892152750025e-4,0.116800509584538,0.0026274386608556625,0,0,0.04170851770872039,0.02209473154780973,0.07750128034414075,0.046855923234850945,0,0
2025-10-04,rev_25,0.04166033153009864,8.471892152750025e-4,0.116800509584538,0.0026274386608556625,0,0,0.04170851770872039,0.02209473154780973,0.07750128034414075,0.046855923234850945,0,0
2025-10-05,rev_25,0.04166033153009864,8.471892152750025e-4,0.116800509584538,0.0026274386608556625,0,0,0.04170851770872039,0.02209473154780973,0.07750128034414075,0.046855923234850945,0,0
2025-10-06,rev_26,0.04166169975076299,8.471892152750025e-4,0.116800509584538,0.0026274386608556625,0,0,0.0417181035550407,0.02209473154780973,0.07750128034414075,0.046855923234850945,0,0
2025-10-07,rev_26,0.04166169975076299,8.471892152750025e-4,0.116800509584538,0.0026274386608556625,0,0,0.0417181035550407,0.02209473154780973,0.07750128034414075,0.046855923234850945,0,0
2025-10-08,rev_26,0.04166169975076299,8.471892152750025e-4,0.116800509584538,0.0026274386608556625,0,0,0.0417181035550407,0.02209473154780973,0.07750128034414075,0.046855923234850945,0,0
2025-10-09,rev_26,0.04166169975076299,8.471892152750025e-4,0.116800509584538,0.0026274386608556625,0,0,0.0417181035550407,0.02209473154780973,0.07750128034414075,0.046855923234850945,0,0
2025-10-10,rev_26,0.04166169975076299,8.471892152750025e-4,0.116800509584538,0.0026274386608556625,0,0,0.0417181035550407,0.02209473154780973,0.07750128034414075,0.046855923234850945,0,0
2025-10-11,rev_26,0.04166169975076299,8.471892152750025e-4,0.116800509584538,0.0026274386608556625,0,0,0.0417181035550407,0.02209473154780973,0.07750128034414075,0.046855923234850945,0,0
2025-10-12,rev_26,0.04166169975076299,8.471892152750025e-4,0.116800509584538,0.0026274386608556625,0,0,0.0417181035550407,0.02209473154780973,0.07750128034414075,0.046855923234850945,0,0
2025-10-13,rev_26,0.04166169975076299,8.471892152750025e-4,0.116800509584538,0.0026274386608556625,0,0,0.0417181035550407,0.02209473154780973,0.07750128034414075,0.046855923234850945,0,0
2025-10-14,rev_26,0.04166169975076299,8.471892152750025e-4,0.116800509584538,0.0026274386608556625,0,0,0.0417181035550407,0.02209473154780973,0.07750128034414075,0.046855923234850945,0,0
2025-10-15,rev_27,0.04166169975076299,8.471892152750025e-4,0.116800509584538,0.0026274386608556625,0,0,0.0417181035550407,0.02209473154780973,0.07750128034414075,0.046855923234850945,0,0
2025-10-16,rev_27,0.04166169975076299,8.471892152750025e-4,0.116800509584538,0.0026274386608556625,0,0,0.0417181035550407,0.02209473154780973,0.07750128034414075,0.046855923234850945,0,0
2025-10-17,rev_27,0.04166169975076299,8.471892152750025e-4,0.116800509584538,0.0026274386608556625,0,0,0.0417181035550407,0.02209473154780973,0.07750128034414075,0.046855923234850945,0,0
2025-10-18,rev_27,0.04166169975076299,8.471892152750025e-4,0.116800509584538,0.0026274386608556625,0,0,0.0417181035550407,0.02209473154780973,0.07750128034414075,0.046855923234850945,0,0
2025-10-19,rev_27,0.04166169975076299,8.471892152750025e-4,0.116800509584538,0.0026274386608556625,0,0,0.0417181035550407,0.02209473154780973,0.07750128034414075,0.046855923234850945,0,0
2025-10-20,rev_27,0.04166169975076299,8.471892152750025e-4,0.116800509584538,0.0026274386608556625,0,0,0.0417181035550407,0.02209473154780973,0.07750128034414075,0.046855923234850945,0,0
2025-10-21,rev_27,0.04166169975076299,8.471892152750025e-4,0.116800509584538,0.0026274386608556625,0,0,0.0417181035550407,0.02209473154780973,0.07750128034414075,0.046855923234850945,0,0
2025-10-22,rev_28,0.04166169975076299,8.471892152750025e-4,0.116800509584538,0.0026274386608556625,0,0,0.0417181035550407,0.02209473154780973,0.07750128034414075,0.046855923234850945,0,0
2025-10-23,rev_28,0.04166169975076299,8.471892152750025e-4,0.116800509584538,0.0026274386608556625,0,0,0.0417181035550407,0.02209473154780973,0.07750128034414075,0.046855923234850945,0,0
2025-10-24,rev_28,0.04166169975076299,8.471892152750025e-4,0.116800509584538,0.0026274386608556625,0,0,0.0417181035550407,0.02209473154780973,0.07750128034414075,0.046855923234850945,0,0
2025-10-25,rev_28,0.04166169975076299,8.471892152750025e-4,0.116800509584538,0.0026274386608556625,0,0,0.0417181035550407,0.02209473154780973,0.07750128034414075,0.046855923234850945,0,0
2025-10-26,rev_28,0.04166169975076299,8.471892152750025e-4,0.116800509584538,0.0026274386608556625,0,0,0.0417181035550407,0.02209473154780973,0.07750128034414075,0.046855923234850945,0,0
2025-10-27,rev_28,0.04166169975076299,8.471892152750025e-4,0.116800509584538,0.0026274386608556625,0,0,0.0417181035550407,0.02209473154780973,0.07750128034414075,0.046855923234850945,0,0
2025-10-28,rev_28,0.04166169975076299,8.471892152750025e-4,0.116800509584538,0.0026274386608556625,0,0,0.0417181035550407,0.02209473154780973,0.07750128034414075,0.046855923234850945,0,0
2025-10-29,rev_28,0.04166169975076299,8.471892152750025e-4,0.116800509584538,0.0026274386608556625,0,0,0.0417181035550407,0.02209473154780973,0.07750128034414075,0.046855923234850945,0,0
2025-10-30,rev_28,0.04166169975076299,8.471892152750025e-4,0.116800509584538,0.0026274386608556625,0,0,0.0417181035550407,0.02209473154780973,0.07750128034414075,0.046855923234850945,0,0
2025-10-31,rev_29,0.04166169975076299,8.471892152750025e-4,0.116800509584538,0.0026274386608556625,0,0,0.0417181035550407,0.02209473154780973,0.07750128034414075,0.046855923234850945,0,0
2025-11-01,rev_29,0.04166169975076299,8.471892152750025e-4,0.116800509584538,0.0026274386608556625,0,0,0.0417181035550407,0.02209473154780973,0.07750128034414075,0.046855923234850945,0,0
2025-11-02,rev_29,0.04166169975076299,8.471892152750025e-4,0.116800509584538,0.0026274386608556625,0,0,0.0417181035550407,0.02209473154780973,0.07750128034414075,0.046855923234850945,0,0
2025-11-03,rev_29,0.04166169975076299,8.471892152750025e-4,0.116800509584538,0.0026274386608556625,0,0,0.0417181035550407,0.02209473154780973,0.07750128034414075,0.046855923234850945,0,0
2025-11-04,rev_29,0.04166169975076299,8.471892152750025e-4,0.116800509584538,0.0026274386608556625,0,0,0.0417181035550407,0.02209473154780973,0.07750128034414075,0.046855923234850945,0,0
2025-11-05,rev_30,0.04166169975076299,8.471892152750025e-4,0.116800509584538,0.0026274386608556625,0,0,0.0417181035550407,0.02209473154780973,0.07750128034414075,0.046855923234850945,0,0
2025-11-06,rev_30,0.04166169975076299,8.471892152750025e-4,0.116800509584538,0.0026274386608556625,0,0,0.0417181035550407,0.02209473154780973,0.07750128034414075,0.046855923234850945,0,0
2025-11-07,rev_30,0.04166169975076299,8.471892152750025e-4,0.116800509584538,0.0026274386608556625,0,0,0.0417181035550407,0.02209473154780973,0.07750128034414075,0.046855923234850945,0,0
2025-11-08,rev_30,0.04166169975076299,8.471892152750025e-4,0.116800509584538,0.0026274386608556625,0,0,0.0417181035550407,0.02209473154780973,0.07750128034414075,0.046855923234850945,0,0
2025-11-09,rev_30,0.04166169975076299,8.471892152750025e-4,0.116800509584538,0.0026274386608556625,0,0,0.0417181035550407,0.02209473154780973,0.07750128034414075,0.046855923234850945,0,0
2025-11-10,rev_30,0.04166169975076299,8.471892152750025e-4,0.116800509584538,0.0026274386608556625,0,0,0.0417181035550407,0.02209473154780973,0.07750128034414075,0.046855923234850945,0,0
2025-11-11,rev_30,0.04166169975076299,8.471892152750025e-4,0.116800509584538,0.0026274386608556625,0,0,0.0417181035550407,0.02209473154780973,0.07750128034414075,0.046855923234850945,0,0
2025-11-12,rev_31,0.04166169975076299,8.471892152750025e-4,0.116800509584538,0.0026274386608556625,0,0,0.0417181035550407,0.02209473154780973,0.07750128034414075,0.046855923234850945,0,0
2025-11-13,rev_31,0.04166169975076299,8.471892152750025e-4,0.116800509584538,0.0026274386608556625,0,0,0.0417181035550407,0.02209473154780973,0.07750128034414075,0.046855923234850945,0,0
2025-11-14,rev_31,0.04166169975076299,8.471892152750025e-4,0.116800509584538,0.0026274386608556625,0,0,0.0417181035550407,0.02209473154780973,0.07750128034414075,0.046855923234850945,0,0
2025-11-15,rev_32,0.041664984953998944,8.474085640608983e-4,0.11580202751065488,0.0026281189403845186,0,0,0.04033550795529749,0.02209473154780973,0.07331159361323987,0.046855923234850945,0,0
2025-11-16,rev_32,0.041664984953998944,8.474085640608983e-4,0.11580202751065488,0.0026281189403845186,0,0,0.04033550795529749,0.02209473154780973,0.07331159361323987,0.046855923234850945,0,0
2025-11-17,rev_32,0.041664984953998944,8.474085640608983e-4,0.11580202751065488,0.0026281189403845186,0,0,0.04033550795529749,0.02209473154780973,0.07331159361323987,0.046855923234850945,0,0
2025-11-18,rev_32,0.041664984953998944,8.474085640608983e-4,0.11580202751065488,0.0026281189403845186,0,0,0.04033550795529749,0.02209473154780973,0.07331159361323987,0.046855923234850945,0,0
2025-11-19,rev_32,0.041664984953998944,8.474085640608983e-4,0.11580202751065488,0.0026281189403845186,0,0,0.04033550795529749,0.02209473154780973,0.07331159361323987,0.046855923234850945,0,0
2025-11-20,rev_32,0.041664984953998944,8.474085640608983e-4,0.11580202751065488,0.0026281189403845186,0,0,0.04033550795529749,0.02209473154780973,0.07331159361323987,0.046855923234850945,0,0
2025-11-21,rev_32,0.041664984953998944,8.474085640608983e-4,0.11580202751065488,0.0026281189403845186,0,0,0.04033550795529749,0.02209473154780973,0.07331159361323987,0.046855923234850945,0,0
2025-11-22,rev_32,0.041664984953998944,8.474085640608983e-4,0.11580202751065488,0.0026281189403845186,0,0,0.04033550795529749,0.02209473154780973,0.07331159361323987,0.046855923234850945,0,0
2025-11-23,rev_32,0.041664984953998944,8.474085640608983e-4,0.11580202751065488,0.0026281189403845186,0,0,0.04033550795529749,0.02209473154780973,0.07331159361323987,0.046855923234850945,0,0
2025-11-24,rev_32,0.041664984953998944,8.474085640608983e-4,0.11580202751065488,0.0026281189403845186,0,0,0.04033550795529749,0.02209473154780973,0.07331159361323987,0.046855923234850945,0,0
2025-11-25,rev_32,0.041664984953998944,8.474085640608983e-4,0.11580202751065488,0.0026281189403845186,0,0,0.04033550795529749,0.02209473154780973,0.07331159361323987,0.046855923234850945,0,0
2025-11-26,rev_32,0.041664984953998944,8.474085640608983e-4,0.11580202751065488,0.0026281189403845186,0,0,0.04033550795529749,0.02209473154780973,0.07331159361323987,0.046855923234850945,0,0
2025-11-27,rev_32,0.041664984953998944,8.474085640608983e-4,0.11580202751065488,0.0026281189403845186,0,0,0.04033550795529749,0.02209473154780973,0.07331159361323987,0.046855923234850945,0,0
2025-11-28,rev_32,0.041664984953998944,8.474085640608983e-4,0.11580202751065488,0.0026281189403845186,0,0,0.04033550795529749,0.02209473154780973,0.07331159361323987,0.046855923234850945,0,0
2025-11-29,rev_32,0.041664984953998944,8.474085640608983e-4,0.11580202751065488,0.0026281189403845186,0,0,0.04033550795529749,0.02209473154780973,0.07331159361323987,0.046855923234850945,0,0
2025-11-30,rev_32,0.041664984953998944,8.474085640608983e-4,0.11580202751065488,0.0026281189403845186,0,0,0.04033550795529749,0.02209473154780973,0.07331159361323987,0.046855923234850945,0,0
2025-12-01,rev_32,0.041664984953998944,8.474085640608983e-4,0.11580202751065488,0.0026281189403845186,0,0,0.04033550795529749,0.02209473154780973,0.07331159361323987,0.046855923234850945,0,0
2025-12-02,rev_32,0.041664984953998944,8.474085640608983e-4,0.11580202751065488,0.0026281189403845186,0,0,0.04033550795529749,0.02209473154780973,0.07331159361323987,0.046855923234850945,0,0
2025-12-03,rev_32,0.041664984953998944,8.474085640608983e-4,0.11580202751065488,0.0026281189403845186,0,0,0.04033550795529749,0.02209473154780973,0.07331159361323987,0.046855923234850945,0,0
2025-12-04,rev_32,0.041664984953998944,8.474085640608983e-4,0.11580202751065488,0.0026281189403845186,0,0,0.04033550795529749,0.02209473154780973,0.07331159361323987,0.046855923234850945,0,0
2025-12-05,rev_32,0.041664984953998944,8.474085640608983e-4,0.11580202751065488,0.0026281189403845186,0,0,0.04033550795529749,0.02209473154780973,0.07331159361323987,0.046855923234850945,0,0
2025-12-06,rev_32,0.041664984953998944,8.474085640608983e-4,0.11580202751065488,0.0026281189403845186,0,0,0.04033550795529749,0.02209473154780973,0.07331159361323987,0.046855923234850945,0,0
2025-12-07,rev_32,0.041664984953998944,8.474085640608983e-4,0.11580202751065488,0.0026281189403845186,0,0,0.04033550795529749,0.02209473154780973,0.07331159361323987,0.046855923234850945,0,0
2025-12-08,rev_32,0.041664984953998944,8.474085640608983e-4,0.11580202751065488,0.0026281189403845186,0,0,0.04033550795529749,0.02209473154780973,0.07331159361323987,0.046855923234850945,0,0
2025-12-09,rev_32,0.041664984953998944,8.474085640608983e-4,0.11580202751065488,0.0026281189403845186,0,0,0.04033550795529749,0.02209473154780973,0.07331159361323987,0.046855923234850945,0,0
2025-12-10,rev_32,0.041664984953998944,8.474085640608983e-4,0.11580202751065488,0.0026281189403845186,0,0,0.04033550795529749,0.02209473154780973,0.07331159361323987,0.046855923234850945,0,0
2025-12-11,rev_32,0.041664984953998944,8.474085640608983e-4,0.11580202751065488,0.0026281189403845186,0,0,0.04033550795529749,0.02209473154780973,0.07331159361323987,0.046855923234850945,0,0
2025-12-12,rev_32,0.041664984953998944,8.474085640608983e-4,0.11580202751065488,0.0026281189403845186,0,0,0.04033550795529749,0.02209473154780973,0.07331159361323987,0.046855923234850945,0,0
2025-12-13,rev_32,0.041664984953998944,8.474085640608983e-4,0.11580202751065488,0.0026281189403845186,0,0,0.04033550795529749,0.02209473154780973,0.07331159361323987,0.046855923234850945,0,0
2025-12-14,rev_32,0.041664984953998944,8.474085640608983e-4,0.11580202751065488,0.0026281189403845186,0,0,0.04033550795529749,0.02209473154780973,0.07331159361323987,0.046855923234850945,0,0
2025-12-15,rev_32,0.041664984953998944,8.474085640608983e-4,0.11580202751065488,0.0026281189403845186,0,0,0.04033550795529749,0.02209473154780973,0.07331159361323987,0.046855923234850945,0,0
2025-12-16,rev_32,0.041664984953998944,8.474085640608983e-4,0.11580202751065488,0.0026281189403845186,0,0,0.04033550795529749,0.02209473154780973,0.07331159361323987,0.046855923234850945,0,0
2025-12-17,rev_32,0.041664984953998944,8.474085640608983e-4,0.11580202751065488,0.0026281189403845186,0,0,0.04033550795529749,0.02209473154780973,0.07331159361323987,0.046855923234850945,0,0
2025-12-18,rev_32,0.041664984953998944,8.474085640608983e-4,0.11580202751065488,0.0026281189403845186,0,0,0.04033550795529749,0.02209473154780973,0.07331159361323987,0.046855923234850945,0,0
2025-12-19,rev_32,0.041664984953998944,8.474085640608983e-4,0.11580202751065488,0.0026281189403845186,0,0,0.04033550795529749,0.02209473154780973,0.07331159361323987,0.046855923234850945,0,0
2025-12-20,rev_32,0.041664984953998944,8.474085640608983e-4,0.11580202751065488,0.0026281189403845186,0,0,0.04033550795529749,0.02209473154780973,0.07331159361323987,0.046855923234850945,0,0
2025-12-21,rev_32,0.041664984953998944,8.474085640608983e-4,0.11580202751065488,0.0026281189403845186,0,0,0.04033550795529749,0.02209473154780973,0.07331159361323987,0.046855923234850945,0,0
2025-12-22,rev_32,0.041664984953998944,8.474085640608983e-4,0.11580202751065488,0.0026281189403845186,0,0,0.04033550795529749,0.02209473154780973,0.07331159361323987,0.046855923234850945,0,0
2025-12-23,rev_32,0.041664984953998944,8.474085640608983e-4,0.11580202751065488,0.0026281189403845186,0,0,0.04033550795529749,0.02209473154780973,0.07331159361323987,0.046855923234850945,0,0
2025-12-24,rev_32,0.041664984953998944,8.474085640608983e-4,0.11580202751065488,0.0026281189403845186,0,0,0.04033550795529749,0.02209473154780973,0.07331159361323987,0.046855923234850945,0,0
2025-12-25,rev_32,0.041664984953998944,8.474085640608983e-4,0.11580202751065488,0.0026281189403845186,0,0,0.04033550795529749,0.02209473154780973,0.07331159361323987,0.046855923234850945,0,0
2025-12-26,rev_32,0.041664984953998944,8.474085640608983e-4,0.11580202751065488,0.0026281189403845186,0,0,0.04033550795529749,0.02209473154780973,0.07331159361323987,0.046855923234850945,0,0
2025-12-27,rev_32,0.041664984953998944,8.474085640608983e-4,0.11580202751065488,0.0026281189403845186,0,0,0.04033550795529749,0.02209473154780973,0.07331159361323987,0.046855923234850945,0,0
2025-12-28,rev_32,0.041664984953998944,8.474085640608983e-4,0.11580202751065488,0.0026281189403845186,0,0,0.04033550795529749,0.02209473154780973,0.07331159361323987,0.046855923234850945,0,0
2025-12-29,rev_32,0.041664984953998944,8.474085640608983e-4,0.11580202751065488,0.0026281189403845186,0,0,0.04033550795529749,0.02209473154780973,0.07331159361323987,0.046855923234850945,0,0
2025-12-30,rev_32,0.041664984953998944,8.474085640608983e-4,0.11580202751065488,0.0026281189403845186,0,0,0.04033550795529749,0.02209473154780973,0.07331159361323987,0.046855923234850945,0,0
2025-12-31,rev_32,0.041664984953998944,8.474085640608983e-4,0.11580202751065488,0.0026281189403845186,0,0,0.04033550795529749,0.02209473154780973,0.07331159361323987,0.046855923234850945,0,0
2026-01-01,2026_basic,0.041698903295561224,8.480984165389251e-4,0.11577954433335344,0.002630258421197522,0,0,0.04033550795529749,0.02209473154780973,0.07220664223683312,0.046855923234850945,0,0
2026-01-02,2026_basic,0.041698903295561224,8.480984165389251e-4,0.11577954433335344,0.002630258421197522,0,0,0.04033550795529749,0.02209473154780973,0.07220664223683312,0.046855923234850945,0,0
2026-01-03,2026_basic,0.041698903295561224,8.480984165389251e-4,0.11577954433335344,0.002630258421197522,0,0,0.04033550795529749,0.02209473154780973,0.07220664223683312,0.046855923234850945,0,0
2026-01-04,2026_basic,0.041698903295561224,8.480984165389251e-4,0.11577954433335344,0.002630258421197522,0,0,0.04033550795529749,0.02209473154780973,0.07220664223683312,0.046855923234850945,0,0
2026-01-05,2026_basic,0.041698903295561224,8.480984165389251e-4,0.11577954433335344,0.002630258421197522,0,0,0.04033550795529749,0.02209473154780973,0.07220664223683312,0.046855923234850945,0,0
2026-01-06,2026_basic,0.041698903295561224,8.480984165389251e-4,0.11577954433335344,0.002630258421197522,0,0,0.04033550795529749,0.02209473154780973,0.07220664223683312,0.046855923234850945,0,0
2026-01-07,2026_basic,0.041698903295561224,8.480984165389251e-4,0.11577954433335344,0.002630258421197522,0,0,0.04033550795529749,0.02209473154780973,0.07220664223683312,0.046855923234850945,0,0
2026-01-08,2026_basic,0.041698903295561224,8.480984165389251e-4,0.11577954433335344,0.002630258421197522,0,0,0.04033550795529749,0.02209473154780973,0.07220664223683312,0.046855923234850945,0,0
2026-01-09,2026_basic,0.041698903295561224,8.480984165389251e-4,0.11577954433335344,0.002630258421197522,0,0,0.04033550795529749,0.02209473154780973,0.07220664223683312,0.046855923234850945,0,0
2026-01-10,2026_basic,0.041698903295561224,8.480984165389251e-4,0.11577954433335344,0.002630258421197522,0,0,0.04033550795529749,0.02209473154780973,0.07220664223683312,0.046855923234850945,0,0
2026-01-11,2026_basic,0.041698903295561224,8.480984165389251e-4,0.11577954433335344,0.002630258421197522,0,0,0.04033550795529749,0.02209473154780973,0.07220664223683312,0.046855923234850945,0,0
2026-01-12,2026_basic,0.041698903295561224,8.480984165389251e-4,0.11577954433335344,0.002630258421197522,0,0,0.04033550795529749,0.02209473154780973,0.07220664223683312,0.046855923234850945,0,0
2026-01-13,2026_basic,0.041698903295561224,8.480984165389251e-4,0.11577954433335344,0.002630258421197522,0,0,0.04033550795529749,0.02209473154780973,0.07220664223683312,0.046855923234850945,0,0
2026-01-14,2026_basic,0.041698903295561224,8.480984165389251e-4,0.11577954433335344,0.002630258421197522,0,0,0.04033550795529749,0.02209473154780973,0.07220664223683312,0.046855923234850945,0,0
2026-01-15,2026_basic,0.041698903295561224,8.480984165389251e-4,0.11577954433335344,0.002630258421197522,0,0,0.04033550795529749,0.02209473154780973,0.07220664223683312,0.046855923234850945,0,0
2026-01-16,2026_rev_1,0.041698903295561224,8.480984165389251e-4,0.11577954433335344,0.002630258421197522,0,0,0.04033550795529749,0.02209473154780973,0.07220664223683312,0.046855923234850945,0,0
2026-01-17,2026_rev_1,0.041698903295561224,8.480984165389251e-4,0.11577954433335344,0.002630258421197522,0,0,0.04033550795529749,0.02209473154780973,0.07220664223683312,0.046855923234850945,0,0
2026-01-18,2026_rev_1,0.041698903295561224,8.480984165389251e-4,0.11577954433335344,0.002630258421197522,0,0,0.04033550795529749,0.02209473154780973,0.07220664223683312,0.046855923234850945,0,0
2026-01-19,2026_rev_1,0.041698903295561224,8.480984165389251e-4,0.11577954433335344,0.002630258421197522,0,0,0.04033550795529749,0.02209473154780973,0.07220664223683312,0.046855923234850945,0,0
2026-01-20,2026_rev_1,0.041698903295561224,8.480984165389251e-4,0.11577954433335344,0.002630258421197522,0,0,0.04033550795529749,0.02209473154780973,0.07220664223683312,0.046855923234850945,0,0
2026-01-21,2026_rev_1,0.041698903295561224,8.480984165389251e-4,0.11577954433335344,0.002630258421197522,0,0,0.04033550795529749,0.02209473154780973,0.07220664223683312,0.046855923234850945,0,0
2026-01-22,2026_rev_1,0.041698903295561224,8.480984165389251e-4,0.11577954433335344,0.002630258421197522,0,0,0.04033550795529749,0.02209473154780973,0.07220664223683312,0.046855923234850945,0,0
2026-01-23,2026_rev_1,0.041698903295561224,8.480984165389251e-4,0.11577954433335344,0.002630258421197522,0,0,0.04033550795529749,0.02209473154780973,0.07220664223683312,0.046855923234850945,0,0
2026-01-24,2026_rev_1,0.041698903295561224,8.480984165389251e-4,0.11577954433335344,0.002630258421197522,0,0,0.04033550795529749,0.02209473154780973,0.07220664223683312,0.046855923234850945,0,0
2026-01-25,2026_rev_1,0.041698903295561224,8.480984165389251e-4,0.11577954433335344,0.002630258421197522,0,0,0.04033550795529749,0.02209473154780973,0.07220664223683312,0.046855923234850945,0,0
2026-01-26,2026_rev_1,0.041698903295561224,8.480984165389251e-4,0.11577954433335344,0.002630258421197522,0,0,0.04033550795529749,0.02209473154780973,0.07220664223683312,0.046855923234850945,0,0
2026-01-27,2026_rev_1,0.041698903295561224,8.480984165389251e-4,0.11577954433335344,0.002630258421197522,0,0,0.04033550795529749,0.02209473154780973,0.07220664223683312,0.046855923234850945,0,0
2026-01-28,2026_rev_1,0.041698903295561224,8.480984165389251e-4,0.11577954433335344,0.002630258421197522,0,0,0.04033550795529749,0.02209473154780973,0.07220664223683312,0.046855923234850945,0,0
2026-01-29,2026_rev_1,0.041698903295561224,8.480984165389251e-4,0.11577954433335344,0.002630258421197522,0,0,0.04033550795529749,0.02209473154780973,0.07220664223683312,0.046855923234850945,0,0
2026-01-30,2026_rev_2,0.04153426263221626,8.463213214044213e-4,0.11584436949411904,0.002635578630259555,0,0,0.038832320754106045,0.02026766127828048,0.07036943769535839,0.04580436442297274,0,0
2026-01-31,2026_rev_2,0.04153426263221626,8.463213214044213e-4,0.11584436949411904,0.002635578630259555,0,0,0.038832320754106045,0.02026766127828048,0.07036943769535839,0.04580436442297274,0,0
2026-02-01,2026_rev_2,0.04153426263221626,8.463213214044213e-4,0.11584436949411904,0.002635578630259555,0,0,0.038832320754106045,0.02026766127828048,0.07036943769535839,0.04580436442297274,0,0
2026-02-02,2026_rev_2,0.04153426263221626,8.463213214044213e-4,0.11584436949411904,0.002635578630259555,0,0,0.038832320754106045,0.02026766127828048,0.07036943769535839,0.04580436442297274,0,0
2026-02-03,2026_rev_2,0.04153426263221626,8.463213214044213e-4,0.11584436949411904,0.002635578630259555,0,0,0.038832320754106045,0.02026766127828048,0.07036943769535839,0.04580436442297274,0,0
2026-02-04,2026_rev_2,0.04153426263221626,8.463213214044213e-4,0.11584436949411904,0.002635578630259555,0,0,0.038832320754106045,0.02026766127828048,0.07036943769535839,0.04580436442297274,0,0
2026-02-05,2026_rev_2,0.04153426263221626,8.463213214044213e-4,0.11584436949411904,0.002635578630259555,0,0,0.038832320754106045,0.02026766127828048,0.07036943769535839,0.04580436442297274,0,0
2026-02-06,2026_rev_2,0.04153426263221626,8.463213214044213e-4,0.11584436949411904,0.002635578630259555,0,0,0.038832320754106045,0.02026766127828048,0.07036943769535839,0.04580436442297274,0,0
2026-02-07,2026_rev_2,0.04153426263221626,8.463213214044213e-4,0.11584436949411904,0.002635578630259555,0,0,0.038832320754106045,0.02026766127828048,0.07036943769535839,0.04580436442297274,0,0
2026-02-08,2026_rev_2,0.04153426263221626,8.463213214044213e-4,0.11584436949411904,0.002635578630259555,0,0,0.038832320754106045,0.02026766127828048,0.07036943769535839,0.04580436442297274,0,0
2026-02-09,2026_rev_2,0.04153426263221626,8.463213214044213e-4,0.11584436949411904,0.002635578630259555,0,0,0.038832320754106045,0.02026766127828048,0.07036943769535839,0.04580436442297274,0,0
2026-02-10,2026_rev_2,0.04153426263221626,8.463213214044213e-4,0.11584436949411904,0.002635578630259555,0,0,0.038832320754106045,0.02026766127828048,0.07036943769535839,0.04580436442297274,0,0
2026-02-11,2026_rev_2,0.04153426263221626,8.463213214044213e-4,0.11584436949411904,0.002635578630259555,0,0,0.038832320754106045,0.02026766127828048,0.07036943769535839,0.04580436442297274,0,0
2026-02-12,2026_rev_3,0.04155889581918759,8.463316993373697e-4,0.11489252683309924,0.0026354607481593067,0,0,0.038891437095180253,0.02026766145034802,0.06568840094757751,0.045804364491799754,0,0
2026-02-13,2026_rev_3,0.04155889581918759,8.463316993373697e-4,0.11489252683309924,0.0026354607481593067,0,0,0.038891437095180253,0.02026766145034802,0.06568840094757751,0.045804364491799754,0,0
2026-02-14,2026_rev_3,0.04155889581918759,8.463316993373697e-4,0.11489252683309924,0.0026354607481593067,0,0,0.038891437095180253,0.02026766145034802,0.06568840094757751,0.045804364491799754,0,0
2026-02-15,2026_rev_3,0.04155889581918759,8.463316993373697e-4,0.11489252683309924,0.0026354607481593067,0,0,0.038891437095180253,0.02026766145034802,0.06568840094757751,0.045804364491799754,0,0
2026-02-16,2026_rev_3,0.04155889581918759,8.463316993373697e-4,0.11489252683309924,0.0026354607481593067,0,0,0.038891437095180253,0.02026766145034802,0.06568840094757751,0.045804364491799754,0,0
2026-02-17,2026_rev_3,0.04155889581918759,8.463316993373697e-4,0.11489252683309924,0.0026354607481593067,0,0,0.038891437095180253,0.02026766145034802,0.06568840094757751,0.045804364491799754,0,0
2026-02-18,2026_rev_3,0.04155889581918759,8.463316993373697e-4,0.11489252683309924,0.0026354607481593067,0,0,0.038891437095180253,0.02026766145034802,0.06568840094757751,0.045804364491799754,0,0
2026-02-19,2026_rev_3,0.04155889581918759,8.463316993373697e-4,0.11489252683309924,0.0026354607481593067,0,0,0.038891437095180253,0.02026766145034802,0.06568840094757751,0.045804364491799754,0,0
2026-02-20,2026_rev_3,0.04155889581918759,8.463316993373697e-4,0.11489252683309924,0.0026354607481593067,0,0,0.038891437095180253,0.02026766145034802,0.06568840094757751,0.045804364491799754,0,0
2026-02-21,2026_rev_3,0.04155889581918759,8.463316993373697e-4,0.11489252683309924,0.0026354607481593067,0,0,0.038891437095180253,0.02026766145034802,0.06568840094757751,0.045804364491799754,0,0
2026-02-22,2026_rev_3,0.04155889581918759,8.463316993373697e-4,0.11489252683309924,0.0026354607481593067,0,0,0.038891437095180253,0.02026766145034802,0.06568840094757751,0.045804364491799754,0,0
2026-02-23,2026_rev_3,0.04155889581918759,8.463316993373697e-4,0.11489252683309924,0.0026354607481593067,0,0,0.038891437095180253,0.02026766145034802,0.06568840094757751,0.045804364491799754,0,0
2026-02-24,2026_rev_3,0.04155889581918759,8.463316993373697e-4,0.11489252683309924,0.0026354607481593067,0,0,0.038891437095180253,0.02026766145034802,0.06568840094757751,0.045804364491799754,0,0
2026-02-25,2026_rev_4,0.03939711707679668,8.02307866639804e-4,0,0,0.07681911351691031,0,0.038891437095180253,0.02026766145034802,0,0,0.03374107156632039,0
2026-02-26,2026_rev_4,0.03939711707679668,8.02307866639804e-4,0,0,0.07681911351691031,0,0.038891437095180253,0.02026766145034802,0,0,0.03374107156632039,0
2026-02-27,2026_rev_4,0.03939711707679668,8.02307866639804e-4,0,0,0.07681911351691031,0,0.038891437095180253,0.02026766145034802,0,0,0.03374107156632039,0
2026-02-28,2026_rev_4,0.03939711707679668,8.02307866639804e-4,0,0,0.07681911351691031,0,0.038891437095180253,0.02026766145034802,0,0,0.03374107156632039,0
2026-03-01,2026_rev_4,0.03939711707679668,8.02307866639804e-4,0,0,0.07681911351691031,0,0.038891437095180253,0.02026766145034802,0,0,0.03374107156632039,0
2026-03-02,2026_rev_4,0.03939711707679668,8.02307866639804e-4,0,0,0.07681911351691031,0,0.038891437095180253,0.02026766145034802,0,0,0.03374107156632039,0
2026-03-03,2026_rev_4,0.03939711707679668,8.02307866639804e-4,0,0,0.07681911351691031,0,0.038891437095180253,0.02026766145034802,0,0,0.03374107156632039,0
2026-03-04,2026_rev_4,0.03939711707679668,8.02307866639804e-4,0,0,0.07681911351691031,0,0.038891437095180253,0.02026766145034802,0,0,0.03374107156632039,0
2026-03-05,2026_rev_4,0.03939711707679668,8.02307866639804e-4,0,0,0.07681911351691031,0,0.038891437095180253,0.02026766145034802,0,0,0.03374107156632039,0
2026-03-06,2026_rev_4,0.03939711707679668,8.02307866639804e-4,0,0,0.07681911351691031,0,0.038891437095180253,0.02026766145034802,0,0,0.03374107156632039,0
2026-03-07,2026_rev_4,0.03939711707679668,8.02307866639804e-4,0,0,0.07681911351691031,0,0.038891437095180253,0.02026766145034802,0,0,0.03374107156632039,0
2026-03-08,2026_rev_4,0.03939711707679668,8.02307866639804e-4,0,0,0.07681911351691031,0,0.038891437095180253,0.02026766145034802,0,0,0.03374107156632039,0
2026-03-09,2026_rev_4,0.03939711707679668,8.02307866639804e-4,0,0,0.07681911351691031,0,0.038891437095180253,0.02026766145034802,0,0,0.03374107156632039,0
